Team Name,Playoff Percentage
Indianapolis Colts,1.0000000000000007,10,14,14,10,12,12,14,13,12,13,13,14,13,12,12,13,12,13,12,11,14,11,13,13,13,11,11,14,12,12,12,13,13,12,12,13,13,13,14,14,14,13,13,14,14,14,14,11,13,13,10,14,13,13,13,12,12,12,12,13,12,13,12,14,14,13,13,13,12,13,12,14,14,13,12,13,11,12,12,12,11,13,13,14,11,12,14,12,10,14,13,13,11,12,9,11,13,14,10,10,13,14,13,14,12,11,12,9,13,12,14,12,13,11,13,12,13,12,13,12,12,13,11,13,13,13,13,13,12,11,13,14,12,11,14,12,12,11,14,10,14,13,12,13,12,13,12,12,12,13,12,14,12,11,11,14,11,13,13,13,13,13,12,10,11,13,13,12,13,14,12,14,13,12,11,14,13,12,12,12,12,13,13,13,11,12,12,13,11,12,13,11,14,13,12,13,12,10,12,12,13,14,14,14,13,12,11,14,12,13,12,14,10,12,10,11,12,14,12,13,14,13,12,12,14,12,14,13,13,13,13,12,13,14,12,13,13,13,10,13,12,13,13,14,14,14,11,10,13,12,13,13,13,14,13,11,12,14,13,10,12,13,11,13,14,13,13,12,13,14,11,13,11,10,11,13,10,11,13,13,12,12,13,13,14,14,13,13,14,13,13,14,14,12,13,13,13,11,14,12,14,12,12,13,13,13,14,14,12,13,13,13,12,14,12,12,12,12,11,13,13,14,13,12,13,12,13,12,13,12,10,13,11,13,13,13,11,11,13,14,12,14,12,13,13,13,12,13,13,13,11,13,13,12,12,13,12,14,12,11,11,13,13,14,11,13,13,14,12,13,11,13,12,14,13,13,12,14,11,13,12,13,13,14,13,14,14,12,14,13,13,12,12,10,14,12,14,13,14,13,14,12,13,12,14,11,13,12,13,12,13,12,12,14,13,13,12,13,14,13,12,13,12,14,13,14,13,13,13,14,14,13,14,13,14,13,12,12,13,13,14,11,13,13,13,14,13,12,13,13,12,14,13,13,13,14,13,13,11,13,13,13,12,13,13,12,11,13,11,13,12,14,14,13,14,11,13,11,12,13,13,13,14,12,11,13,14,10,13,13,13,11,13,13,13,12,13,14,13,13,13,13,14,13,14,11,14,12,14,12,12,12,12,14,14,13,11,12,12,13,12,14,13,13,10,14,14,12,12,14,13,10,13,14,12,11,12,14,11,13,12,14,12,13,14,10,13,12,12,13,12,12,13,12,14,13,12,13,12,12,13,13,13,13,12,14,11,13,12,12,12,12,13,12,13,13,10,13,12,13,12,12,13,14,12,11,14,12,13,12,12,13,12,12,13,14,14,12,14,11,12,13,12,13,12,13,13,11,12,14,12,14,13,13,13,14,14,12,14,11,12,14,11,14,13,12,13,13,14,12,12,13,12,12,11,12,13,11,14,12,13,13,12,11,13,12,13,11,13,13,13,14,13,13,13,14,12,12,13,13,14,13,12,11,13,14,13,14,11,14,12,12,14,13,13,13,14,14,10,13,13,12,13,13,14,12,12,14,12,14,12,12,13,12,14,12,14,13,13,12,10,10,12,12,14,13,13,14,13,14,14,12,14,12,12,14,14,14,11,14,11,13,13,13,11,13,13,13,11,12,13,13,14,13,12,13,14,14,14,11,14,14,14,13,13,13,11,11,12,13,12,14,13,12,12,13,13,14,13,14,13,12,11,13,12,13,13,11,11,11,13,12,14,13,14,14,13,14,12,12,13,13,14,13,10,13,11,13,13,12,12,12,14,13,13,13,12,14,12,11,11,13,12,14,14,13,12,14,14,14,13,11,12,13,12,13,10,13,13,13,12,12,12,13,13,14,12,13,13,12,13,12,13,12,14,14,13,14,11,13,13,12,14,12,11,12,14,11,14,11,11,13,11,12,12,14,14,13,14,14,13,14,14,12,14,13,13,13,13,13,14,12,14,13,12,12,13,14,13,13,13,13,14,12,13,14,13,12,13,13,13,13,13,11,13,14,14,12,13,11,13,12,13,14,9,13,14,13,13,11,12,13,12,13,12,11,12,14,11,14,13,12,12,13,12,11,14,13,12,14,14,14,12,13,13,12,12,12,11,12,12,13,11,12,11,13,13,13,13,12,12,13,12,11,13,13,12,12,12,13,13,13,12,10,14,12,11,14,14,13,12,14,11,13,12,10,13,14,12,12,11,13,12,14,12,12,11,14,12,12,12,13,13,13,12,11,11,12,12,13,
Detroit Lions,0.8620000000000007,11,12,10,11,13,10,11,13,10,10,12,10,11,12,10,11,11,11,12,14,10,13,10,12,12,9,11,11,12,11,11,10,12,10,10,10,11,10,10,11,9,11,12,12,11,10,9,12,9,13,12,11,11,10,10,13,12,11,13,13,11,11,12,13,9,12,9,11,13,10,11,14,14,11,14,11,13,13,14,12,9,13,13,12,12,12,11,9,12,10,11,11,11,9,13,12,11,12,11,12,10,11,12,12,11,12,11,9,11,9,13,12,12,12,9,10,12,11,11,12,12,9,11,10,13,10,11,13,13,12,12,11,11,10,10,11,13,13,13,11,12,11,11,10,9,11,12,11,11,11,10,11,11,11,11,11,13,11,11,10,11,10,11,13,13,12,13,11,11,11,10,11,12,10,10,10,11,11,11,13,11,13,13,12,9,13,11,11,13,12,12,13,9,11,11,11,12,12,10,14,11,13,11,12,11,9,12,10,11,10,10,11,11,13,13,11,10,11,10,12,13,13,11,11,12,11,13,12,11,9,13,12,11,12,11,12,10,12,11,13,11,12,13,11,11,10,12,9,13,11,11,11,11,11,12,9,12,12,12,10,13,10,13,12,11,11,9,12,11,10,12,9,13,11,12,9,11,10,11,13,11,11,11,11,9,10,8,13,12,10,12,10,9,11,10,9,13,10,10,12,13,10,14,9,12,12,13,12,9,12,12,10,9,12,10,12,11,11,11,11,12,11,11,11,11,12,11,10,12,12,12,10,11,12,12,13,12,12,8,10,12,11,11,12,13,13,10,12,12,11,12,9,11,12,12,11,13,11,12,12,11,11,12,11,12,10,11,11,11,10,10,14,12,12,10,10,11,11,14,12,8,14,13,9,10,12,11,12,10,13,11,14,10,10,10,11,13,11,13,10,13,12,12,10,13,12,11,12,12,10,10,10,12,12,11,12,11,12,10,9,11,13,12,12,12,13,13,10,12,10,13,11,11,12,12,12,9,11,13,11,9,12,13,11,11,11,11,13,11,12,11,12,12,13,10,11,13,11,10,12,11,8,13,13,11,10,11,11,9,12,11,12,11,14,9,10,11,9,12,12,11,10,9,12,12,12,13,10,12,9,12,8,14,10,10,9,10,11,11,12,11,12,11,11,11,11,10,11,12,11,13,11,10,10,13,13,12,11,11,11,12,12,11,8,11,12,11,11,11,11,10,11,12,12,11,10,12,11,9,12,9,12,12,12,11,13,13,11,10,13,9,11,12,12,9,10,10,13,11,11,12,11,10,12,10,13,11,12,12,13,12,10,12,10,9,10,12,14,12,10,12,10,11,11,11,12,14,12,11,12,11,10,11,13,13,10,13,10,10,10,10,12,12,13,10,8,8,10,12,10,11,11,10,13,11,12,12,12,10,12,14,10,13,12,11,11,11,12,12,11,14,10,12,11,11,11,9,12,13,10,13,11,12,10,11,12,11,10,10,11,10,9,10,11,13,12,13,10,12,13,10,11,13,12,11,12,11,11,11,13,10,10,10,11,11,9,11,12,8,12,13,11,11,12,10,11,9,13,11,10,11,12,12,10,10,10,11,12,12,13,10,10,11,13,12,13,13,9,11,10,10,11,12,11,13,12,13,12,11,12,11,12,13,10,12,12,12,13,10,10,10,11,13,12,13,12,11,11,12,13,12,12,13,12,10,11,13,11,13,12,11,12,13,10,14,12,11,12,11,12,11,9,12,11,12,13,9,14,13,9,10,11,11,10,9,12,12,10,11,12,12,10,12,9,11,12,11,13,10,12,11,11,11,12,12,9,12,13,12,11,10,12,11,11,11,11,14,11,11,12,12,10,12,11,10,11,13,10,14,11,12,11,12,12,9,10,11,11,12,9,12,13,11,12,10,10,11,12,10,11,9,11,12,10,12,11,12,12,11,13,9,10,11,10,10,12,12,13,12,13,10,13,11,12,11,11,11,11,12,12,10,13,12,10,11,11,12,12,10,13,12,10,13,12,12,12,11,11,11,11,11,13,12,12,13,9,12,11,12,10,12,11,13,12,11,11,12,13,12,12,10,10,13,10,12,10,11,10,11,11,10,11,12,13,11,12,11,11,11,11,12,11,11,11,11,11,11,12,11,12,11,13,9,10,12,12,12,11,10,12,11,12,9,11,12,11,10,9,12,11,12,10,11,12,11,11,10,10,12,10,11,9,11,9,13,11,10,12,12,10,12,11,12,12,11,8,11,12,11,11,11,10,13,10,11,12,10,11,11,12,
Miami Dolphins,0.09900000000000007,6,7,6,8,7,8,9,8,7,7,9,7,6,8,9,9,8,8,7,8,7,9,8,9,10,9,8,10,6,7,7,9,7,7,9,7,8,6,7,7,10,8,8,9,7,8,7,9,8,9,6,8,9,8,8,7,7,6,9,10,7,11,9,5,10,10,7,8,11,8,8,7,9,8,7,9,8,10,8,7,7,8,9,8,7,7,7,8,9,9,8,8,9,8,9,8,7,8,8,8,8,7,8,9,11,9,10,8,7,10,8,6,10,10,8,8,7,9,7,9,9,9,7,8,9,8,7,10,8,7,9,8,7,9,10,10,7,6,7,9,9,9,8,8,8,6,7,9,8,8,10,11,7,11,11,7,5,8,8,7,8,10,7,6,8,7,8,7,10,10,6,8,8,8,8,6,9,7,7,8,8,8,9,9,7,9,8,8,9,7,8,8,7,8,12,8,7,8,9,8,8,8,8,8,10,9,7,9,8,9,10,8,9,9,7,6,8,7,8,9,8,10,8,9,7,6,8,7,9,8,7,8,8,8,9,10,8,7,9,9,6,8,9,8,9,6,9,8,7,5,10,9,8,10,9,9,8,7,9,9,6,8,9,9,8,10,7,8,8,10,9,9,7,7,8,7,9,11,9,8,8,9,10,10,8,8,8,6,6,8,8,6,10,9,6,8,7,7,7,8,7,9,11,9,8,8,8,8,9,8,7,10,9,8,7,9,8,7,8,7,8,9,8,7,8,9,8,8,6,9,8,7,7,6,8,9,9,8,8,8,7,8,6,9,7,8,7,7,10,8,9,8,9,9,9,9,9,9,8,7,10,9,6,8,8,9,7,8,9,8,8,10,5,9,7,9,8,9,9,8,8,8,8,7,8,8,7,9,10,8,10,10,6,11,10,9,8,7,7,10,6,8,8,9,8,8,7,8,10,7,9,9,10,10,9,11,10,8,9,8,6,7,7,7,9,8,7,9,7,7,6,9,9,8,8,11,7,8,8,9,10,8,8,9,8,8,9,7,10,9,9,8,9,5,8,9,10,5,10,7,8,10,8,9,9,7,8,10,6,8,6,9,11,8,8,9,8,8,9,9,10,9,8,9,7,8,8,7,7,6,7,8,7,8,9,9,7,6,8,8,9,8,7,9,9,8,10,9,9,7,8,8,8,8,8,9,9,6,6,8,8,8,8,8,8,9,8,9,7,8,9,6,10,9,8,8,7,10,7,12,7,9,5,8,7,6,9,7,7,7,7,8,6,6,7,7,9,8,9,9,8,8,9,8,11,8,8,8,8,8,7,8,9,7,10,7,9,8,9,11,9,9,7,7,9,7,9,8,9,7,8,10,10,9,7,9,10,8,8,8,7,8,8,8,7,6,9,9,6,5,9,7,8,10,8,7,8,8,8,10,6,8,8,7,9,6,9,6,8,8,9,8,9,9,7,9,8,6,6,8,7,10,8,8,9,7,9,9,9,9,8,9,7,9,9,8,10,7,7,10,7,9,9,9,9,9,8,7,7,7,8,7,7,7,8,6,10,6,10,7,9,10,10,9,7,9,7,9,8,7,11,11,8,6,9,7,8,10,11,7,9,10,9,7,8,6,10,8,8,8,7,9,8,7,9,10,8,8,10,8,9,8,8,8,7,9,10,8,9,8,8,8,6,9,8,8,9,10,7,6,10,8,7,7,7,9,7,8,7,9,8,7,6,8,9,7,9,7,7,9,8,8,9,7,8,10,9,9,8,7,9,8,9,6,8,7,7,12,7,9,7,8,10,8,9,9,8,9,6,7,8,9,8,8,7,7,9,5,10,8,9,9,7,7,9,8,10,8,9,8,7,9,8,8,8,8,7,7,10,8,8,8,7,7,8,12,7,6,8,9,10,10,7,6,8,8,8,10,6,9,10,7,8,10,8,6,7,9,8,7,9,10,9,8,8,9,6,9,9,8,7,7,7,11,9,6,10,9,9,9,9,9,9,8,8,9,8,6,9,8,9,7,10,8,8,10,8,6,8,7,8,9,8,6,8,6,10,9,8,9,8,8,9,8,8,8,7,10,6,7,6,6,9,7,8,8,7,7,9,8,9,9,11,8,10,9,10,7,7,9,7,8,8,8,7,10,9,8,7,7,7,9,6,8,9,8,7,10,9,9,8,10,6,7,8,10,10,8,8,7,9,8,5,9,8,8,9,6,8,8,10,11,9,8,9,10,7,7,8,8,7,7,8,7,8,7,8,9,8,8,7,9,8,9,9,9,10,9,7,8,
Minnesota Vikings,0,5,5,5,5,3,4,3,5,7,6,5,6,4,5,3,3,2,2,4,5,5,4,4,4,4,4,4,4,3,5,6,5,3,5,4,5,4,3,2,3,3,4,5,5,4,2,4,5,4,4,4,5,5,3,4,4,4,4,5,4,6,3,4,5,5,2,3,4,5,4,5,4,4,5,6,4,6,6,4,6,4,3,2,3,4,3,7,5,6,5,3,4,4,3,4,5,6,6,6,3,5,2,4,6,4,3,6,3,5,3,3,3,4,3,5,3,5,4,5,3,6,3,4,5,4,6,4,4,6,3,5,5,4,4,3,5,4,5,5,3,5,4,6,3,5,4,4,5,5,5,4,4,4,4,3,4,5,5,6,3,2,4,5,4,3,7,5,4,3,5,4,3,5,3,4,6,5,4,2,5,4,3,5,3,4,4,3,3,5,2,4,5,3,4,4,3,2,5,6,4,5,3,4,4,4,6,4,5,5,4,6,2,4,6,5,3,5,6,4,4,4,4,4,2,5,4,4,6,5,2,4,6,3,5,5,7,6,5,4,4,5,6,5,3,4,5,4,6,3,8,3,4,4,4,3,3,7,4,2,3,5,5,4,6,4,4,3,4,5,4,5,6,3,2,6,2,5,4,4,3,4,6,4,4,5,6,3,3,5,6,4,4,6,4,3,4,7,4,6,7,4,4,4,4,3,4,4,2,4,4,6,3,4,4,4,5,5,4,3,4,5,4,6,4,3,3,6,5,4,6,6,2,4,3,3,4,5,4,2,6,2,4,4,5,5,6,4,4,6,4,5,2,5,5,5,3,7,5,4,3,4,4,4,6,5,5,3,3,5,4,4,4,3,5,4,4,4,5,5,5,2,4,5,4,3,5,4,5,6,3,5,5,4,3,4,4,3,5,2,4,6,5,6,5,4,3,6,2,4,3,5,3,6,3,4,6,6,5,5,6,5,5,2,5,3,7,3,5,4,5,5,4,4,5,4,4,2,4,4,3,5,4,2,4,6,3,6,2,5,5,5,6,4,5,6,4,5,4,4,6,4,5,4,7,4,3,6,4,4,5,3,3,2,5,6,2,7,6,4,2,2,4,4,3,4,5,3,4,4,5,5,4,4,6,4,4,4,4,5,6,5,3,3,4,3,5,4,4,4,5,3,4,4,4,2,2,4,3,4,3,3,6,3,4,3,5,4,5,5,3,4,4,5,6,6,4,5,3,4,4,3,5,2,4,5,4,4,6,5,2,3,6,4,3,6,4,3,7,4,3,5,5,3,3,4,5,6,5,6,4,3,2,4,3,4,4,5,4,2,4,5,3,2,6,8,4,6,5,2,3,4,4,3,4,5,5,5,3,5,3,4,4,3,4,3,5,6,4,4,2,3,4,4,3,2,4,5,5,3,3,5,4,5,4,4,5,4,3,5,5,6,3,5,6,7,3,6,3,4,5,4,7,3,3,3,6,5,4,5,6,5,5,6,3,5,3,6,5,4,4,4,2,4,3,4,4,5,5,5,4,6,5,3,4,5,4,4,4,7,6,7,4,4,6,4,5,4,2,7,4,2,4,4,5,3,3,3,4,3,3,5,6,5,8,3,3,2,4,3,6,4,4,6,4,4,4,4,5,5,5,5,4,4,5,6,5,5,3,5,6,3,3,4,5,5,6,5,5,4,5,3,4,3,5,5,3,4,6,7,4,5,4,3,4,6,4,4,3,4,5,7,3,2,5,2,4,3,5,5,6,4,2,5,2,6,4,4,4,4,5,2,3,4,5,3,4,4,6,6,4,5,4,2,5,4,4,3,4,6,5,2,4,5,5,8,6,5,3,4,4,5,5,3,5,2,6,5,4,5,6,2,3,5,6,4,3,5,4,4,5,3,4,5,4,5,2,4,6,5,5,2,3,3,6,5,4,4,4,4,4,4,5,4,6,4,3,4,4,4,3,5,4,6,6,6,5,4,4,4,3,5,3,4,6,3,4,3,4,5,4,5,5,4,4,5,3,3,5,6,4,4,7,2,5,3,4,6,5,3,5,3,4,5,3,3,2,3,7,3,4,6,5,7,4,4,3,4,5,6,3,6,4,5,4,4,5,6,7,5,4,5,6,5,4,6,5,4,4,5,3,3,3,6,6,2,5,4,5,5,4,5,6,8,5,3,5,5,5,5,3,6,3,4,2,5,3,4,6,5,4,2,4,5,4,4,4,3,2,5,4,5,3,6,3,4,5,4,4,5,5,3,5,5,4,2,4,3,3,3,4,
Cincinnati Bengals,0.44400000000000034,10,7,9,9,11,10,9,8,7,9,11,6,10,8,8,9,9,12,10,9,10,11,8,10,9,9,10,9,8,8,10,7,8,8,10,9,7,10,9,8,10,8,10,9,10,8,11,10,10,9,10,8,8,9,11,10,11,10,11,9,7,10,10,8,8,11,11,9,9,8,7,9,10,9,9,8,12,11,11,9,10,12,7,12,8,10,10,9,9,10,11,10,9,11,9,11,9,9,10,8,10,12,10,12,9,12,10,11,9,8,12,9,8,10,8,10,7,8,9,10,11,9,11,11,9,10,9,9,12,8,9,10,8,11,9,11,7,10,9,8,11,9,9,7,9,7,8,11,10,9,9,8,8,9,10,10,10,11,8,11,11,10,11,9,8,5,12,12,10,11,11,9,9,10,8,11,9,8,9,10,12,10,11,9,8,8,12,9,7,11,10,9,10,10,9,9,8,9,10,9,10,11,8,9,8,8,8,11,9,9,9,11,6,10,9,9,10,9,10,10,7,11,10,8,9,8,8,10,12,8,9,11,10,10,9,10,9,8,8,9,11,9,9,8,10,10,10,7,9,9,9,11,9,11,11,11,9,8,9,8,8,11,10,11,10,8,10,9,8,11,8,11,9,10,8,8,11,8,9,10,11,9,10,9,10,11,11,8,12,11,8,12,12,9,9,9,10,9,10,7,11,8,8,7,10,10,9,11,7,8,8,12,9,9,9,10,10,9,10,9,9,9,10,9,9,8,10,10,10,11,9,8,10,11,8,8,10,9,10,10,10,10,11,11,7,11,8,5,9,10,10,9,8,7,8,8,8,7,8,8,10,10,10,9,6,10,10,11,8,9,9,10,9,9,9,9,9,8,9,9,9,11,8,11,9,8,9,9,11,10,9,9,12,7,8,9,10,10,8,11,9,8,9,11,10,9,10,9,9,9,9,12,7,9,11,11,12,11,9,6,9,9,5,8,7,7,8,11,10,9,8,11,9,10,9,12,8,10,10,10,10,10,10,11,8,9,11,9,8,7,8,11,8,9,8,12,9,10,9,11,9,6,8,9,9,8,12,11,10,11,9,10,9,8,9,10,10,9,10,10,10,10,9,10,11,9,8,10,10,9,11,9,9,10,7,10,7,11,7,10,8,12,9,9,12,11,11,10,7,6,6,11,9,7,11,8,11,10,10,8,10,8,11,9,10,8,8,9,10,10,8,10,9,9,12,8,11,9,9,8,10,10,8,10,9,8,10,9,8,9,11,10,8,10,10,8,9,8,10,9,12,12,8,9,11,7,7,7,11,10,10,7,11,7,8,9,8,9,8,11,10,9,8,10,10,12,7,11,9,12,12,10,8,7,9,9,11,9,12,11,8,10,11,12,11,11,7,9,11,10,10,11,9,10,9,10,11,9,10,7,10,10,9,8,8,10,10,10,11,9,12,10,7,11,12,9,10,8,12,9,12,9,12,9,9,9,8,9,9,8,12,8,8,9,8,8,6,11,12,9,11,10,10,9,10,10,9,10,9,10,10,10,8,7,10,11,10,10,9,13,10,11,13,10,10,10,10,9,8,10,12,8,8,9,8,12,7,10,8,9,7,7,10,10,11,11,9,9,8,9,10,10,8,12,10,10,9,7,9,12,9,10,10,9,12,8,10,10,8,9,8,9,10,11,8,7,11,9,9,10,8,8,11,10,9,11,7,10,10,11,9,11,8,10,10,11,10,8,9,9,8,9,11,9,11,10,10,7,8,9,10,8,12,10,9,8,10,10,8,8,11,8,10,10,11,8,10,10,8,8,7,8,9,10,6,8,11,8,9,8,11,11,10,8,10,11,11,9,10,7,9,11,11,10,9,9,9,12,7,10,9,10,8,11,6,8,6,12,8,9,8,8,10,7,11,6,10,11,9,11,11,11,8,12,9,8,10,8,8,9,10,9,9,8,11,10,9,11,7,9,10,11,11,10,9,10,9,10,10,7,9,10,8,8,11,9,8,10,10,11,8,10,9,10,8,9,12,9,10,9,8,9,11,11,11,10,10,8,7,9,8,9,9,9,10,11,8,11,9,10,10,10,9,10,10,9,9,8,10,10,10,7,10,11,9,10,8,10,9,13,12,9,10,10,9,10,9,9,8,9,10,9,7,9,8,8,11,10,7,11,9,10,11,9,11,11,10,10,10,10,10,9,11,9,8,11,10,10,9,9,9,10,8,8,8,9,9,10,9,9,8,11,8,7,10,9,8,9,9,8,10,9,8,11,9,9,10,12,11,9,
Chicago Bears,0.005,7,9,5,7,6,8,6,7,8,7,6,6,8,8,7,8,8,6,9,8,5,9,8,6,8,5,8,7,8,9,7,8,7,7,8,8,6,6,6,7,9,10,7,7,7,7,8,7,7,8,6,6,7,7,7,8,8,7,7,6,9,7,9,8,6,7,7,6,5,6,7,6,5,6,7,7,7,6,9,6,6,6,8,9,5,5,7,7,6,7,7,6,5,7,7,7,6,8,6,9,7,8,7,5,6,7,4,8,8,8,9,7,4,7,6,8,5,8,6,7,6,7,7,10,6,8,6,8,7,6,8,8,7,8,6,8,5,7,6,8,8,8,8,7,6,8,7,6,6,7,7,7,6,6,5,6,5,8,5,8,5,7,9,5,6,9,9,6,7,7,8,7,8,6,7,8,9,8,7,6,7,7,6,6,6,9,7,7,8,6,6,8,8,6,6,6,6,6,5,8,7,7,6,6,7,5,7,7,9,7,10,6,7,8,6,7,7,7,9,8,8,6,6,5,7,6,7,7,5,5,9,9,6,8,7,9,7,8,5,6,7,9,6,7,9,7,7,7,6,8,7,7,7,6,8,7,6,8,7,6,7,5,8,9,7,8,6,5,6,8,7,5,6,6,8,6,10,8,6,5,6,5,7,7,6,7,6,8,7,8,7,7,8,8,5,6,7,7,6,7,7,6,8,8,7,9,7,8,9,7,7,7,7,7,7,5,6,5,8,7,5,7,8,7,7,6,10,6,6,8,6,7,8,7,6,8,7,8,8,7,8,7,5,6,7,7,7,9,8,6,7,7,8,6,6,7,6,6,9,6,5,6,8,7,6,6,6,7,7,7,7,9,5,8,7,9,6,6,7,5,7,9,9,9,7,7,8,8,6,7,8,6,7,7,8,8,8,7,8,6,10,7,7,7,6,7,8,7,7,7,6,7,10,7,8,8,8,9,7,6,9,9,7,7,8,7,5,7,6,6,6,7,7,7,8,8,7,7,7,7,9,9,5,7,9,9,8,8,7,9,6,7,7,7,5,6,8,7,8,9,6,8,7,7,10,9,10,6,8,5,8,6,5,8,7,5,6,8,6,5,6,7,7,5,8,7,8,7,8,4,6,8,9,5,6,7,8,6,8,8,8,6,5,6,9,8,8,7,8,7,6,7,8,8,8,6,7,9,7,8,6,7,6,7,6,7,7,6,9,7,8,5,6,8,7,6,10,9,7,7,7,6,10,6,7,7,5,7,6,6,7,5,8,8,6,7,7,9,9,7,7,8,8,7,8,8,6,8,8,8,7,9,7,7,8,7,9,7,6,6,7,8,6,8,8,8,6,10,6,8,9,7,7,8,9,7,8,6,10,9,6,9,9,5,7,6,8,6,8,9,5,7,6,7,7,7,6,8,6,6,7,6,11,7,8,7,7,7,6,8,10,7,8,7,7,8,7,7,7,7,7,8,8,9,8,8,5,7,8,7,7,7,5,6,8,6,5,7,8,6,8,6,8,8,6,7,8,8,8,8,8,7,8,8,9,5,7,6,8,6,8,8,8,10,5,9,6,7,7,6,7,6,7,8,8,7,8,10,8,7,6,8,5,9,9,6,8,6,6,7,6,8,7,7,7,7,8,8,7,6,7,6,6,6,7,7,7,10,7,8,7,8,6,6,9,7,6,8,7,8,6,7,8,6,7,7,7,8,6,6,8,8,7,9,5,8,7,9,7,7,8,6,8,8,8,6,7,8,7,5,8,7,8,7,6,8,6,7,7,6,6,7,6,6,7,8,7,7,7,4,7,8,6,8,7,5,8,7,7,4,9,8,8,7,6,6,7,8,6,8,9,8,6,6,8,6,6,8,6,9,6,8,7,8,8,6,6,6,10,7,10,6,8,9,6,6,6,7,7,8,7,9,6,7,7,7,8,7,8,6,8,7,9,6,7,6,6,6,7,10,8,8,8,8,7,8,7,6,8,7,5,9,8,7,7,7,6,7,7,8,8,7,6,7,5,6,7,8,6,6,9,6,7,7,7,7,6,5,6,8,5,5,6,8,9,8,4,8,5,9,7,8,8,7,7,7,8,7,6,7,8,7,7,7,8,9,6,8,7,7,8,7,7,5,6,6,8,8,5,9,10,7,5,7,8,6,8,8,7,5,6,5,7,8,6,6,6,7,5,7,6,8,7,6,5,7,6,9,7,7,10,9,9,6,10,7,10,7,6,8,9,5,6,7,6,9,8,6,6,6,7,6,6,6,7,10,7,7,9,10,
San Francisco 49ers,0.17000000000000012,9,8,11,8,9,11,10,9,8,11,9,8,11,12,11,11,12,10,10,10,8,10,9,9,11,10,10,10,12,8,9,9,10,10,9,10,10,10,7,11,8,9,8,10,9,10,8,10,7,11,9,9,10,10,8,10,7,9,10,9,9,10,9,11,10,11,8,10,10,9,11,8,10,12,8,11,8,10,9,7,9,7,8,10,8,10,10,8,10,9,8,9,11,8,8,8,10,7,9,8,9,8,10,9,11,10,9,9,10,10,12,8,9,11,10,12,11,11,10,10,9,12,9,8,11,9,10,8,10,9,12,10,9,11,10,10,10,11,10,12,9,10,9,11,10,10,8,8,10,10,10,9,10,7,8,8,10,10,9,9,7,9,8,9,11,11,11,9,10,11,9,8,10,9,10,10,9,9,10,10,8,9,8,8,8,12,9,8,8,10,11,8,11,9,11,9,9,11,8,10,9,10,10,9,11,9,9,9,7,9,11,11,11,10,9,10,9,7,10,9,8,9,9,11,11,10,9,8,10,9,8,11,8,10,11,9,10,10,10,9,9,8,11,8,10,11,9,10,11,8,8,10,9,6,9,10,9,11,10,10,9,10,8,11,11,9,10,9,10,12,8,10,9,11,12,9,11,12,8,10,10,12,11,12,10,9,8,10,11,9,7,8,11,10,8,9,11,9,10,10,10,10,10,10,9,9,10,9,10,8,9,12,10,8,9,11,8,10,8,7,10,10,11,10,11,8,9,11,11,11,8,9,7,12,11,12,10,9,8,10,11,9,9,8,9,10,9,10,10,9,9,10,9,10,9,8,9,9,9,10,11,11,11,9,9,9,11,8,10,11,7,9,10,10,9,9,9,7,7,10,10,8,9,9,9,8,10,9,10,10,9,10,11,8,9,7,10,10,10,10,10,11,10,10,10,10,9,9,9,10,10,10,11,10,11,10,9,9,9,9,10,10,11,10,7,9,10,10,10,5,10,9,11,9,12,11,9,9,9,11,8,9,8,9,11,9,12,8,11,8,9,11,8,9,10,9,10,10,10,10,12,10,8,10,11,8,9,8,9,9,10,10,12,9,10,11,12,11,9,11,10,10,10,10,9,9,9,9,10,8,7,13,7,8,11,9,9,9,10,12,10,9,9,9,9,7,8,10,8,11,9,10,10,10,9,10,11,9,8,8,10,10,11,8,9,8,9,7,10,8,10,10,12,8,10,9,8,8,10,10,10,7,11,10,10,12,9,12,10,9,10,9,10,9,11,11,8,10,11,10,9,8,10,10,10,11,10,8,9,9,10,9,9,8,8,11,11,10,10,10,10,9,11,9,11,11,10,9,8,10,10,12,10,8,11,10,9,9,10,10,9,8,10,11,9,11,10,10,9,10,11,9,11,10,10,8,7,9,10,8,10,11,10,7,8,6,8,11,10,10,11,8,10,9,9,10,10,9,9,11,12,9,9,9,10,10,10,8,9,8,9,10,8,10,8,11,9,10,10,11,10,11,10,8,11,10,8,9,12,8,9,9,7,10,9,11,10,9,10,9,11,10,9,11,11,12,11,6,8,9,8,10,8,10,9,8,9,11,9,10,12,10,9,10,9,9,10,11,12,9,8,10,9,9,9,7,11,9,9,8,13,9,8,9,8,9,12,10,10,9,11,10,9,12,10,7,9,8,10,10,8,10,9,10,10,9,10,8,9,10,8,11,12,10,9,7,11,9,10,9,10,9,9,8,7,10,11,8,9,10,9,8,10,10,9,10,6,11,7,10,11,9,9,10,11,9,10,11,9,8,11,9,11,11,10,10,9,10,10,10,11,9,9,8,10,8,11,10,8,11,10,9,9,11,10,9,11,11,9,8,11,6,11,10,9,11,9,10,12,10,11,8,9,9,10,10,9,10,11,8,10,9,8,8,11,9,9,12,9,11,7,8,9,11,9,9,12,8,11,10,12,9,10,11,10,10,9,11,10,8,8,9,8,10,9,11,11,9,10,8,9,10,8,11,7,10,9,7,10,8,9,8,8,10,8,8,9,10,10,9,9,13,5,9,10,8,9,9,10,9,9,8,9,13,11,8,9,11,10,11,11,11,10,9,10,9,9,12,12,10,9,10,10,10,11,12,9,9,9,9,12,11,10,11,10,10,11,11,10,10,10,10,10,10,12,10,9,11,8,10,10,10,10,9,8,11,10,12,10,7,9,9,9,9,7,11,9,9,8,7,10,10,8,8,10,10,11,10,10,12,11,11,10,10,10,12,11,10,10,9,
Atlanta Falcons,0.014000000000000005,3,4,4,4,4,2,5,4,5,4,5,3,5,3,5,5,6,5,5,5,4,5,5,3,4,5,4,4,6,4,6,5,6,5,5,5,3,3,5,7,3,4,6,7,5,7,7,6,7,5,6,3,4,3,6,3,4,4,5,6,5,5,2,6,4,7,4,5,5,6,7,5,6,4,4,5,5,6,5,8,5,3,4,5,6,4,4,7,7,3,6,4,4,3,4,5,6,6,7,4,5,6,5,4,3,3,4,5,4,6,8,6,4,6,4,5,5,8,4,5,4,6,6,6,3,5,8,3,5,5,4,4,6,6,6,4,5,7,4,5,5,5,6,3,6,2,5,6,4,6,6,3,5,5,4,7,5,5,5,4,4,5,5,4,5,4,4,5,4,5,5,7,3,4,6,3,5,6,5,5,4,5,3,5,4,4,4,7,4,6,3,4,6,6,4,5,4,7,6,2,5,3,4,6,5,3,5,6,5,3,5,4,5,4,4,6,4,4,5,5,6,3,4,4,4,6,5,6,5,3,5,3,4,4,5,4,5,3,7,5,8,6,6,5,6,5,5,4,3,4,5,5,5,5,4,4,5,7,4,5,4,5,6,3,6,4,5,4,7,3,3,3,5,6,4,5,5,6,4,7,5,5,5,4,5,6,5,7,5,6,5,5,5,6,4,4,4,4,4,3,3,8,3,4,4,7,4,5,4,3,5,3,2,7,4,4,6,4,5,4,4,2,7,7,7,6,5,4,7,5,4,6,5,5,4,5,5,5,3,5,4,7,5,5,3,5,5,4,6,8,4,7,4,3,7,4,4,6,5,3,5,6,4,4,5,6,7,6,8,6,6,5,5,4,3,5,4,5,6,4,3,6,6,4,6,5,6,5,4,5,5,4,3,6,5,5,3,3,7,4,7,5,3,5,5,3,3,7,4,6,4,4,2,5,4,6,4,3,4,6,4,6,3,3,6,4,3,5,5,6,4,8,2,5,5,6,3,6,4,4,3,5,6,3,4,4,7,5,4,4,6,5,4,4,7,5,7,7,8,5,4,4,6,4,6,3,3,4,3,4,4,5,8,6,5,5,5,3,5,7,6,4,8,3,3,6,7,4,5,8,4,4,5,4,4,5,6,5,3,5,8,6,4,7,5,5,5,6,5,5,5,5,5,5,4,7,4,5,4,5,6,4,6,4,5,5,4,6,2,5,7,5,4,3,4,4,5,4,6,3,6,5,4,3,4,6,5,4,4,7,5,5,5,3,3,5,4,4,5,7,3,3,4,4,6,3,4,5,5,5,4,3,6,5,4,4,3,3,5,8,6,4,4,5,4,6,5,5,4,6,3,4,4,4,4,5,5,6,4,4,4,2,5,5,6,5,6,3,5,5,4,5,4,5,5,6,5,7,5,6,6,6,4,4,5,5,3,4,5,4,4,5,3,2,6,4,5,5,6,5,5,5,5,6,4,4,4,6,4,5,3,5,6,5,3,5,4,7,5,5,3,5,4,6,6,5,4,5,6,5,5,4,6,4,4,5,6,3,8,7,4,4,6,4,6,4,4,6,3,4,4,6,3,3,4,5,3,4,4,4,5,5,6,4,5,6,6,6,6,5,4,3,4,5,5,4,4,3,4,4,5,5,7,4,7,2,7,5,4,6,5,3,4,5,4,5,3,4,6,3,3,4,5,6,4,4,4,4,5,5,5,3,3,4,7,5,6,7,5,7,4,6,4,6,5,5,4,4,6,6,4,4,5,4,4,4,6,6,3,6,5,5,5,6,4,5,4,6,7,5,4,5,4,4,5,6,4,3,4,4,6,5,3,6,8,3,6,5,6,6,3,4,6,4,6,5,5,5,7,6,6,3,4,4,3,4,4,4,4,4,4,4,7,4,5,3,6,3,5,6,4,5,4,5,5,4,3,3,5,5,6,5,5,4,4,6,4,4,5,7,5,6,5,3,5,4,4,6,5,4,6,4,3,4,6,3,6,4,3,7,4,6,4,4,5,4,5,5,4,3,4,5,5,6,5,6,6,4,4,3,4,3,3,4,3,5,5,3,4,6,4,6,5,5,5,4,5,6,4,5,5,5,4,4,6,4,4,2,5,4,4,5,3,4,7,5,3,7,6,7,5,5,3,5,4,4,5,3,5,3,4,3,4,5,7,3,3,4,6,3,7,4,7,7,5,5,6,5,3,3,6,3,3,4,6,3,6,6,5,5,4,5,6,5,3,6,3,5,4,7,5,4,5,5,2,4,3,6,4,4,
Arizona Cardinals,0.9050000000000007,12,13,12,11,10,13,11,13,12,11,12,11,12,14,12,12,12,13,11,12,13,14,11,12,12,11,12,12,13,12,12,12,11,14,12,12,15,9,13,13,9,12,14,11,12,14,12,12,10,14,11,12,13,14,12,9,13,11,12,12,11,12,11,14,13,12,12,13,12,14,10,12,12,12,12,12,13,13,11,13,14,10,13,12,11,11,10,13,10,10,11,14,14,11,11,13,13,10,9,10,14,13,10,10,12,12,12,10,11,12,12,13,14,12,12,13,14,11,13,12,12,11,10,11,14,12,12,11,10,13,12,12,12,10,11,15,13,13,13,15,11,13,14,10,10,11,13,12,13,12,10,10,10,13,12,12,11,10,12,11,13,13,11,10,13,12,10,13,12,11,10,12,12,10,13,13,11,13,12,12,13,11,12,9,9,11,14,10,12,12,12,13,11,9,12,10,12,12,10,12,12,11,11,12,9,11,13,11,13,11,11,13,13,11,11,12,11,11,13,12,14,11,11,11,10,9,11,14,12,11,12,12,12,12,8,10,11,13,13,13,10,12,12,9,13,11,10,10,10,12,13,10,10,11,13,12,11,13,11,12,11,10,11,12,11,11,14,13,11,13,11,14,10,13,11,14,11,12,11,10,12,11,11,13,13,12,12,11,13,15,11,11,11,11,13,11,14,12,11,9,13,10,11,12,9,11,12,10,12,13,13,13,10,12,13,12,11,10,11,11,11,12,12,12,11,13,15,10,12,12,11,11,11,11,12,12,11,10,11,12,14,12,13,10,12,10,12,14,11,12,12,12,11,13,12,12,13,11,12,10,11,12,11,11,11,12,11,13,11,11,11,10,11,12,13,11,11,14,13,10,10,13,11,13,12,10,12,10,11,12,14,13,12,10,14,12,13,10,9,10,11,9,10,10,11,13,10,12,13,10,14,12,12,11,12,9,11,10,10,10,11,12,12,12,10,12,10,12,11,13,10,11,14,13,11,11,12,11,14,11,13,10,12,11,13,11,13,12,12,12,13,10,13,13,13,11,10,13,11,12,12,12,13,12,11,15,12,11,12,13,11,10,13,11,10,12,12,14,12,10,9,9,10,9,12,12,11,11,10,13,10,9,12,13,11,10,10,12,13,13,10,14,14,13,12,11,14,9,14,11,9,12,9,12,9,13,13,12,13,11,12,13,11,12,8,12,8,12,12,10,12,11,12,10,13,11,12,12,13,10,13,11,13,9,10,11,13,10,12,14,12,11,13,10,12,13,14,12,10,13,12,13,13,12,11,12,10,10,9,11,12,11,13,14,11,11,13,11,11,11,10,12,14,11,9,12,13,13,11,12,9,9,10,10,12,13,10,12,10,14,13,11,11,13,10,12,12,12,12,13,11,12,12,11,9,12,12,12,12,13,11,12,13,14,13,12,12,10,10,12,12,12,11,8,11,13,11,13,12,9,10,13,8,13,12,9,12,11,13,13,13,9,9,12,12,11,12,12,11,11,12,12,13,12,12,10,12,11,10,11,11,9,12,14,13,12,10,13,11,13,10,13,10,13,12,11,13,11,13,9,14,10,11,13,13,10,11,10,12,13,9,9,13,9,13,13,11,9,9,12,11,12,10,12,11,11,14,13,11,13,13,12,13,11,12,11,13,11,12,12,13,12,11,14,13,11,11,13,12,13,10,13,12,10,10,11,11,9,11,11,13,9,12,9,13,11,12,13,13,11,10,9,12,13,11,14,11,11,11,11,12,12,12,10,10,11,13,10,13,13,10,13,10,14,12,14,13,14,12,12,12,13,10,13,11,12,10,10,13,11,11,11,11,13,9,14,11,11,13,10,13,11,11,12,11,14,9,11,9,11,12,12,11,12,10,14,10,13,12,11,12,10,13,12,11,13,12,12,13,13,13,9,10,11,11,11,12,11,9,11,9,12,12,13,12,10,10,12,14,11,11,11,11,11,13,9,10,13,10,11,10,12,11,13,10,11,11,9,15,11,11,12,13,11,10,13,12,14,11,15,14,14,11,10,13,12,11,10,12,13,12,13,12,12,13,12,11,12,12,10,13,11,12,14,12,15,13,13,12,9,12,12,11,10,11,11,11,14,9,11,11,12,11,10,13,13,12,13,13,12,12,13,14,11,11,10,12,10,13,12,11,10,14,11,13,10,11,11,8,8,11,10,11,14,11,14,12,12,11,11,11,10,12,11,8,12,13,11,11,11,13,11,12,13,11,12,13,8,11,11,13,12,10,13,12,11,10,15,10,12,
Philadelphia Eagles,0.9350000000000007,10,11,11,12,11,11,12,12,12,13,12,11,12,12,10,14,12,11,14,12,12,14,11,11,12,13,12,14,12,13,14,14,14,11,13,14,12,13,12,15,13,13,11,14,12,10,12,13,12,9,10,10,11,11,11,12,11,11,10,12,10,12,13,11,14,12,12,13,14,12,11,14,13,14,14,10,11,12,12,14,12,14,12,11,12,14,13,12,10,12,13,13,12,11,14,12,12,13,11,13,11,13,9,14,13,13,9,10,13,12,13,12,13,13,13,12,12,11,12,12,14,11,15,13,11,11,11,13,12,14,13,13,10,12,12,11,12,11,11,8,14,11,14,11,12,13,13,11,12,12,13,11,13,12,12,12,10,11,14,13,12,13,14,13,12,14,14,12,10,12,12,13,12,11,13,13,14,13,12,9,11,14,8,14,10,13,12,10,9,12,11,14,12,13,14,14,14,10,14,13,13,10,11,11,13,12,12,12,10,11,15,11,12,11,15,12,14,11,13,12,12,13,12,13,11,12,11,12,13,14,11,12,13,11,10,11,13,13,14,10,13,13,12,12,9,10,13,12,10,11,12,11,11,13,13,12,14,12,14,12,12,15,14,13,13,13,10,13,13,14,15,11,11,12,13,11,10,11,13,12,11,14,12,15,14,14,11,9,13,10,11,13,14,13,11,12,12,12,11,13,13,15,11,12,12,12,11,12,11,12,11,10,10,12,11,15,10,14,12,12,12,13,14,13,13,12,14,10,14,13,13,13,13,13,10,12,13,14,10,13,10,15,12,12,10,10,10,12,10,11,10,13,12,14,11,12,14,13,10,12,12,11,11,14,14,11,14,13,13,11,11,13,12,14,10,12,12,10,11,9,15,13,14,12,13,12,10,11,11,14,13,11,10,14,14,11,15,13,12,14,13,12,13,15,14,11,11,9,13,13,13,12,10,11,12,13,14,11,12,12,14,9,9,12,12,13,12,12,11,15,13,13,10,10,12,12,12,11,13,12,12,12,12,13,13,13,10,12,11,12,14,12,13,14,11,11,9,10,13,12,12,12,12,11,14,11,13,13,13,14,11,12,13,12,14,11,14,11,10,14,11,13,15,13,13,11,11,13,10,14,13,13,12,12,13,11,12,10,10,11,13,14,11,10,12,11,9,14,13,11,13,10,11,12,14,11,15,13,14,11,9,12,11,9,13,13,13,8,9,14,11,14,13,11,13,14,12,11,13,14,14,12,12,12,13,12,13,12,11,12,11,13,13,12,10,11,12,12,14,11,12,13,12,14,12,10,12,12,11,13,11,11,11,12,10,10,14,13,11,14,13,13,12,14,13,12,11,12,12,14,12,14,12,12,12,10,12,14,13,13,13,11,12,10,10,13,13,14,12,10,13,14,12,13,14,12,13,12,14,10,14,10,13,10,14,13,12,12,12,13,13,12,12,14,12,11,11,13,12,12,13,11,11,13,13,13,8,14,12,13,13,13,11,14,10,12,13,10,10,9,12,12,13,13,13,11,12,13,14,11,11,10,13,13,12,12,11,12,13,12,12,11,13,13,13,15,11,11,12,15,14,11,12,13,12,12,13,13,12,11,14,10,10,11,13,13,10,13,11,10,13,11,11,14,13,11,13,12,12,12,13,11,14,11,11,14,10,14,11,13,13,14,15,11,13,13,11,11,13,14,11,13,13,12,12,13,11,12,12,11,15,12,15,11,10,11,11,11,14,10,12,12,12,13,11,13,14,12,13,13,13,12,12,11,13,11,14,14,15,15,13,10,11,12,13,13,12,15,13,13,11,13,10,13,11,11,12,14,12,13,12,11,12,12,11,11,12,11,14,15,12,12,12,15,14,12,12,13,13,14,12,12,14,12,11,13,11,14,13,13,13,12,12,13,12,11,12,14,13,13,11,14,13,10,13,9,13,12,12,12,13,12,11,14,13,11,13,12,10,14,14,12,11,13,14,11,13,11,12,12,12,13,12,13,13,12,13,10,10,12,14,14,12,14,13,11,13,13,13,12,11,12,14,12,13,13,13,12,12,13,13,10,11,13,11,13,13,13,13,12,12,11,10,13,12,12,13,14,12,12,13,10,12,14,12,14,12,12,11,12,14,13,12,12,11,13,11,12,11,15,12,12,9,13,15,11,13,9,12,13,13,13,14,13,11,12,13,12,13,13,11,12,14,12,11,10,14,13,13,12,11,10,13,11,12,11,14,12,12,12,11,11,11,12,13,15,14,13,14,14,13,9,13,13,11,14,15,14,14,11,
Seattle Seahawks,0.21300000000000016,11,9,11,10,10,9,11,8,10,13,10,7,8,9,7,10,10,8,8,10,11,7,8,9,12,10,8,8,11,11,8,9,8,9,10,11,9,9,9,11,11,10,11,9,11,9,10,10,9,12,8,10,10,7,12,8,11,9,11,12,9,9,11,11,9,10,10,10,12,10,10,9,10,11,13,9,9,9,11,10,9,10,10,10,11,13,9,7,10,8,9,9,11,7,10,10,10,10,11,10,9,13,9,12,11,8,10,10,10,10,9,11,9,9,10,9,11,11,8,9,9,9,10,7,8,11,10,10,8,8,10,11,9,10,9,12,9,7,11,10,11,6,11,11,11,9,10,10,13,12,8,11,9,8,11,11,12,10,10,8,9,8,10,7,11,10,12,11,8,12,9,9,11,12,9,10,9,10,9,10,10,8,11,9,8,10,12,10,11,11,11,9,13,7,10,11,11,10,8,13,10,9,8,12,12,8,12,9,10,8,9,8,8,8,9,10,10,12,9,11,10,8,10,10,10,10,8,9,9,9,11,9,8,9,10,10,9,11,9,10,9,10,8,9,13,11,11,11,10,13,11,11,8,9,10,9,9,11,10,9,10,11,9,9,10,9,9,10,7,11,8,9,11,11,10,9,11,12,8,10,11,8,8,8,7,9,8,9,8,9,9,9,10,11,7,10,10,9,9,11,10,13,10,9,9,11,10,11,10,10,10,9,8,12,11,8,8,9,9,11,12,9,7,9,7,11,9,9,9,10,11,10,9,12,9,12,10,9,12,12,10,11,9,12,10,10,8,9,9,9,10,9,10,11,10,11,9,10,9,10,11,9,7,10,11,11,9,10,11,10,10,8,8,8,9,10,10,10,10,12,10,7,8,11,11,13,13,12,9,10,10,11,10,10,11,11,8,12,9,9,11,7,9,12,10,9,11,10,11,11,10,10,9,8,11,12,12,8,8,9,9,12,11,9,11,11,11,11,8,10,10,10,8,7,9,10,12,9,11,7,8,9,11,11,9,11,9,10,9,10,9,9,10,10,9,9,10,8,10,10,8,9,10,11,10,12,9,9,11,11,11,12,11,7,12,10,10,10,11,11,11,8,11,10,10,11,9,11,10,12,9,11,8,12,9,11,11,12,9,13,12,10,10,10,9,10,9,11,9,10,11,11,10,10,9,11,9,8,12,9,10,9,10,10,11,10,8,8,11,8,11,9,11,10,10,10,10,9,13,11,11,8,9,9,11,11,10,10,9,8,10,10,12,11,10,11,9,11,11,8,9,10,11,8,9,10,10,11,9,9,8,10,8,10,10,7,8,10,12,11,10,9,9,10,12,11,11,9,11,11,11,10,8,12,11,10,11,11,10,10,10,10,12,11,11,10,9,11,9,8,8,10,11,10,9,10,11,12,10,8,10,8,12,7,11,10,9,10,8,10,7,11,9,9,11,8,11,9,10,11,10,9,10,9,8,8,7,10,9,12,11,9,9,9,11,10,11,8,11,9,10,10,11,10,10,9,11,10,9,10,9,9,9,12,11,11,9,9,9,12,9,10,10,7,8,10,11,8,9,11,11,10,11,10,10,8,11,8,10,10,12,9,9,9,11,10,9,9,9,9,7,10,8,11,11,10,7,10,10,9,8,7,9,10,12,9,9,12,12,12,10,9,9,10,9,12,9,8,8,10,10,10,10,10,7,11,9,7,9,8,12,12,11,9,7,10,8,10,7,9,11,9,9,8,8,10,11,12,10,12,12,8,8,9,10,10,11,9,12,12,10,10,9,7,10,11,9,9,8,8,11,10,8,9,10,10,10,9,10,9,10,9,10,9,8,11,10,11,12,8,9,11,9,12,9,10,11,9,12,9,10,11,9,8,10,8,11,9,12,10,7,12,12,10,9,9,11,11,8,8,11,12,9,9,10,9,11,10,12,9,11,9,9,8,11,8,8,11,11,12,9,12,8,10,10,9,10,10,10,12,9,10,10,11,10,10,9,7,10,7,9,10,9,11,8,10,9,12,10,10,10,9,9,11,9,9,9,10,9,9,11,11,12,8,11,10,8,9,9,11,10,10,10,11,10,8,9,10,10,8,9,12,10,10,10,10,12,10,10,11,12,10,9,10,10,10,9,9,10,9,10,10,9,10,10,10,10,11,12,10,10,9,12,11,11,10,7,9,11,9,12,11,12,11,10,10,12,10,11,8,11,12,12,11,11,11,10,11,10,10,11,11,10,11,10,12,10,11,10,12,10,9,9,10,9,8,8,7,10,10,
New England Patriots,0.7660000000000006,7,9,8,9,11,10,13,9,12,10,10,10,9,8,9,9,12,11,9,9,10,9,9,8,12,10,12,9,9,12,10,11,12,12,10,10,11,10,9,12,9,11,9,8,11,12,10,9,13,9,10,11,8,13,11,10,8,10,8,7,10,11,11,11,10,11,9,8,11,10,11,11,10,8,13,10,12,10,10,9,8,8,10,10,11,9,11,12,10,11,11,9,12,9,6,12,9,9,10,9,13,11,9,10,9,11,10,11,8,8,10,8,8,9,11,11,10,11,9,10,9,10,10,10,12,10,9,10,11,10,12,9,11,11,12,12,9,10,10,8,10,11,8,10,11,11,9,9,11,10,9,10,9,10,10,7,10,8,9,11,9,10,7,9,10,8,9,9,7,10,7,11,9,12,8,10,10,10,9,9,11,9,10,12,12,9,11,12,8,11,10,9,12,11,8,9,9,9,10,10,11,7,10,11,11,9,11,13,8,9,8,9,12,10,11,10,9,12,10,9,9,9,11,12,10,11,10,9,7,10,13,13,11,10,11,10,9,11,11,12,10,10,8,11,8,9,12,10,10,12,7,10,8,11,9,12,10,10,6,12,9,10,10,10,8,9,9,9,8,12,12,9,10,8,8,9,11,10,9,9,13,8,10,9,11,9,12,10,11,10,12,11,11,9,10,7,10,10,7,10,11,10,12,10,14,11,11,11,11,11,9,10,11,9,10,7,10,8,9,10,8,9,10,12,10,10,11,10,9,10,10,11,8,10,10,10,7,9,11,10,10,9,12,11,10,10,13,9,13,10,10,10,8,9,10,9,11,11,9,10,8,8,10,10,10,10,10,12,10,9,11,11,9,10,13,10,12,11,8,9,11,9,9,8,10,10,10,11,10,9,10,12,10,10,12,11,9,12,9,11,8,11,12,10,11,11,10,9,12,10,9,9,8,13,12,9,11,11,10,10,8,12,10,10,8,11,12,8,10,11,9,9,13,12,12,10,10,7,13,8,10,11,11,12,11,13,11,9,8,10,11,11,9,12,8,8,8,11,12,9,10,9,10,9,9,8,10,10,10,10,8,9,10,12,11,11,13,11,7,10,10,10,9,8,10,11,10,11,12,10,9,11,11,10,11,11,12,10,11,11,9,11,10,10,8,11,7,10,9,11,8,10,8,10,10,12,10,10,10,8,11,11,10,10,11,12,12,10,11,10,10,10,9,10,10,10,11,12,12,9,8,11,10,10,11,10,8,7,8,10,11,9,9,11,11,9,12,12,11,10,11,9,9,12,11,9,10,10,11,8,11,10,10,10,9,10,12,9,10,9,7,7,11,9,11,11,8,11,10,11,11,7,10,12,10,9,11,8,13,9,10,9,9,10,10,12,11,10,11,10,10,9,10,11,9,8,8,12,9,11,11,10,10,7,12,9,7,10,9,8,10,11,11,7,11,10,9,8,10,11,9,11,11,9,12,9,9,10,10,10,11,10,10,11,8,12,11,10,11,10,9,10,10,10,9,9,9,11,7,11,10,10,10,10,7,10,11,10,9,9,10,12,8,10,8,10,10,9,10,10,11,9,9,8,9,9,12,11,9,10,12,8,7,11,10,12,11,9,10,10,11,9,10,8,9,12,11,12,8,9,11,9,13,11,12,12,11,10,9,9,10,8,12,9,11,10,10,11,11,10,11,9,9,9,10,8,9,11,9,9,9,8,12,9,13,11,10,9,8,8,11,11,11,8,13,9,12,9,9,11,10,9,9,10,11,13,10,9,10,8,12,10,9,9,11,8,8,8,10,10,9,11,11,12,10,9,12,11,11,11,11,10,10,8,10,10,12,12,9,10,11,13,8,9,8,11,7,9,9,12,9,9,8,12,10,10,10,8,8,11,10,13,7,10,12,11,10,11,13,12,9,9,10,11,8,10,9,9,10,11,12,9,11,10,8,10,14,8,11,10,11,10,11,10,9,11,10,9,12,13,12,12,10,11,11,10,10,10,10,11,8,9,9,9,9,8,10,11,10,11,10,10,10,13,12,8,10,7,11,11,9,9,9,11,11,12,8,9,9,10,10,13,9,10,10,10,10,11,11,8,11,11,9,8,10,10,9,11,10,11,10,10,9,9,11,12,9,12,11,10,9,11,11,9,5,9,12,8,9,10,10,11,11,9,10,10,11,10,12,11,7,11,12,8,11,10,9,8,11,8,10,10,10,10,11,11,11,10,9,8,7,9,8,11,8,11,9,9,9,8,12,11,11,11,11,9,8,9,8,8,
New Orleans Saints,0.2960000000000002,6,6,6,7,5,4,6,7,4,8,5,6,6,7,5,6,7,6,7,7,8,5,5,6,6,5,7,6,4,8,7,6,6,6,7,8,9,7,5,8,6,6,7,6,8,5,8,5,5,3,8,5,7,5,7,6,7,6,3,6,6,6,7,7,7,6,5,5,7,6,6,6,7,8,4,6,6,6,7,7,5,6,8,9,4,8,8,8,5,6,8,6,7,7,5,11,5,5,9,8,6,8,7,3,8,9,6,5,9,6,7,6,5,6,9,6,5,7,4,6,6,7,5,8,6,6,4,7,8,6,6,6,7,9,5,7,6,8,7,6,8,8,7,9,5,5,8,6,6,10,4,5,7,5,7,8,5,6,9,6,5,9,6,8,8,9,8,5,4,8,7,7,8,5,7,6,7,6,6,5,6,7,9,8,5,5,9,10,7,7,6,5,6,6,7,8,7,6,8,8,7,7,6,9,6,9,7,7,4,8,8,7,9,7,7,7,5,6,8,6,4,7,7,7,8,9,5,8,7,7,5,9,6,5,5,6,6,8,9,5,6,6,9,6,6,6,6,7,6,6,8,6,5,4,6,7,8,5,7,6,6,7,8,6,6,7,6,7,5,7,6,7,3,6,6,6,9,7,4,5,6,7,7,6,7,7,8,5,5,6,7,8,6,9,4,3,7,5,8,5,4,4,6,10,7,8,8,7,6,7,6,8,8,3,9,8,7,7,5,7,5,5,7,5,7,8,6,5,6,5,5,9,4,6,6,6,5,5,6,5,7,4,6,6,6,7,5,6,7,7,7,5,9,9,3,8,4,5,8,4,7,7,7,5,4,6,6,6,7,6,7,7,7,6,5,7,5,5,5,7,6,3,6,6,8,5,6,8,8,4,8,5,8,7,5,10,7,6,6,5,6,5,7,5,5,9,7,6,6,5,7,8,5,7,4,5,8,6,7,8,7,8,3,6,7,5,9,6,6,3,7,10,4,6,6,6,5,7,6,6,4,6,7,8,5,9,5,8,5,7,6,7,8,5,6,6,7,8,6,10,5,6,10,7,5,7,8,3,6,4,8,5,6,7,7,6,4,4,7,5,6,8,7,6,9,6,6,7,7,6,6,8,5,6,7,6,7,6,5,9,5,7,6,5,8,6,4,7,3,5,9,7,6,6,8,7,5,9,7,7,5,7,6,7,4,5,5,7,7,6,7,7,7,6,8,9,7,5,7,6,6,6,8,5,6,6,6,5,6,7,5,4,8,8,5,5,6,7,9,7,7,6,6,8,6,9,6,5,8,7,8,6,4,7,7,5,6,6,7,7,5,7,6,7,7,8,4,7,5,6,5,5,8,7,6,5,7,7,5,5,4,8,7,7,6,5,6,8,5,6,6,7,7,7,5,8,7,8,7,7,8,5,7,5,6,9,6,6,6,5,6,6,5,5,5,7,5,6,8,7,5,8,7,6,7,7,6,6,6,6,5,6,5,5,7,7,6,6,7,5,6,5,6,6,8,6,6,6,5,8,6,8,6,7,8,6,7,7,8,8,9,7,5,5,5,5,4,8,6,7,6,6,5,4,6,6,6,7,6,8,3,6,6,7,6,7,7,6,6,6,4,4,7,6,6,10,6,7,6,5,9,6,6,7,6,6,6,8,4,7,6,6,6,5,6,8,8,6,6,5,6,8,8,6,8,6,6,6,8,5,10,8,7,7,6,6,6,6,9,7,7,3,7,8,7,3,5,5,6,7,7,7,8,7,7,7,6,4,5,9,7,4,3,6,7,7,3,5,5,7,5,8,7,5,7,8,6,4,7,7,5,7,6,7,8,7,4,6,8,6,9,6,2,5,6,6,5,7,5,5,3,9,8,6,6,6,7,6,6,6,6,4,6,4,6,4,7,6,8,7,7,7,6,7,8,8,5,9,3,9,6,7,5,9,6,7,8,6,5,8,7,6,6,8,6,6,7,6,8,4,7,6,7,4,8,7,6,8,7,5,7,8,9,7,8,6,6,8,6,6,8,7,8,7,5,6,5,6,9,7,7,5,6,7,5,7,6,7,6,6,9,6,7,7,8,8,6,4,7,7,6,7,6,6,5,6,6,8,7,7,7,4,6,6,9,5,6,8,5,5,6,8,9,6,7,5,6,7,7,6,5,6,8,7,6,7,5,6,9,6,5,6,6,6,4,6,5,8,6,6,5,7,8,6,7,7,6,8,7,9,7,8,4,7,6,6,6,6,8,6,7,7,6,5,5,5,6,4,4,4,
Oakland Raiders,0,0,1,0,0,0,0,1,2,1,0,1,0,0,0,0,1,2,0,1,0,1,0,0,2,0,0,0,3,0,0,2,0,0,1,0,1,0,0,1,1,1,2,0,0,0,1,0,0,1,1,2,0,0,1,1,0,1,0,0,0,0,0,0,1,1,0,1,0,0,0,1,1,0,0,0,0,2,0,1,0,0,1,0,1,1,0,0,1,0,0,0,0,0,0,1,0,1,1,0,1,1,1,1,2,2,0,0,2,0,2,3,0,0,0,2,1,0,0,0,0,0,1,0,3,2,0,1,0,0,0,1,2,2,0,1,1,0,0,0,0,0,1,0,1,1,1,1,0,0,0,0,2,0,1,0,1,0,0,1,0,1,1,0,1,0,0,0,0,0,0,0,0,1,1,1,3,1,1,1,1,0,1,1,0,1,1,0,0,0,0,1,0,0,1,1,1,2,0,1,1,0,1,1,1,0,0,1,1,0,1,1,1,2,0,1,2,1,1,0,0,2,1,1,1,2,2,0,1,0,1,2,0,1,0,0,0,1,1,0,0,1,0,0,0,1,1,1,0,0,1,0,1,1,1,2,0,1,0,0,1,1,1,0,0,0,0,0,0,1,1,0,0,1,1,0,0,0,1,1,1,1,2,0,0,0,1,1,0,0,1,0,0,0,1,0,0,0,0,3,0,0,0,3,2,0,3,1,1,1,1,1,1,1,0,0,0,0,0,0,1,0,0,3,0,1,0,1,0,1,3,1,0,0,1,0,0,3,0,0,1,2,1,1,1,0,1,0,0,0,0,1,0,0,1,0,2,0,0,0,0,0,1,2,1,0,0,1,1,1,2,1,1,0,1,0,0,0,0,1,0,0,1,1,0,0,1,2,0,0,1,1,1,0,0,0,0,0,0,0,0,2,0,1,0,1,1,0,1,1,0,0,0,0,3,1,1,1,0,0,0,0,1,0,1,1,1,1,0,0,0,1,0,0,1,0,0,0,1,0,0,1,1,0,1,2,1,1,1,4,0,0,0,1,0,0,0,0,1,0,0,1,0,1,1,1,0,1,0,1,2,1,0,1,1,1,1,1,0,1,1,0,1,2,0,0,0,1,1,0,0,0,1,1,1,0,2,0,0,2,1,0,0,1,1,1,0,1,1,2,0,1,0,0,0,0,0,0,2,2,1,1,1,1,0,1,0,0,1,1,1,0,1,0,0,0,0,0,0,2,0,0,0,0,0,0,1,2,0,0,0,0,1,1,1,1,1,1,0,0,0,3,0,3,1,1,0,0,0,0,2,1,0,0,0,0,1,0,0,0,0,0,0,0,1,0,0,0,0,0,1,1,1,0,1,1,0,2,0,2,0,1,1,0,0,0,0,2,1,0,1,0,0,0,2,1,0,0,0,1,0,0,0,0,0,1,0,1,0,0,0,1,0,1,0,1,1,1,2,0,3,0,1,0,1,1,0,1,1,0,0,0,0,0,0,0,0,2,0,0,0,3,2,0,0,1,1,1,0,1,0,2,3,0,0,0,0,0,0,0,1,1,0,0,0,0,2,1,0,1,2,0,2,3,0,0,2,2,0,0,0,1,0,0,0,0,0,1,1,1,0,1,0,1,0,1,1,1,2,0,1,0,0,0,2,0,0,0,2,0,0,0,2,0,1,1,1,1,0,0,1,1,0,2,0,0,1,0,0,0,0,0,1,1,1,1,0,2,0,1,0,1,0,1,2,1,0,0,1,1,1,0,0,1,2,0,1,0,0,0,1,0,1,1,0,0,1,2,1,0,3,2,0,0,1,1,0,0,0,1,2,0,0,0,2,1,1,0,1,2,2,2,0,0,0,0,1,0,2,0,2,1,1,1,0,0,0,0,1,3,1,1,0,1,1,1,1,1,0,1,0,2,1,0,1,1,0,0,1,1,1,0,1,0,1,1,3,1,1,0,0,2,1,1,0,1,0,1,2,0,0,0,0,0,0,1,0,0,1,0,0,1,1,0,1,1,0,0,0,2,0,2,1,0,0,0,0,0,1,1,1,0,0,0,0,0,0,0,0,0,0,0,0,0,0,0,0,1,0,2,1,1,0,1,0,0,0,2,0,1,0,0,2,0,2,1,0,0,1,1,0,0,1,3,0,1,1,1,1,0,0,1,0,1,0,0,2,0,1,1,1,0,1,0,0,1,0,1,1,1,0,0,0,0,0,0,0,1,0,0,0,1,1,2,0,1,1,1,1,1,0,1,1,0,1,1,1,0,1,1,0,
Buffalo Bills,0.3750000000000003,11,10,9,8,8,9,11,10,8,9,8,11,10,10,10,10,7,10,9,9,9,9,12,8,9,9,9,10,9,9,9,9,8,10,9,11,9,8,9,10,8,9,8,10,9,8,10,11,9,9,9,10,7,12,8,7,9,7,9,11,12,10,10,6,9,8,8,9,11,11,10,10,8,8,8,9,9,8,8,11,9,8,8,9,9,9,11,9,9,8,8,9,10,8,10,9,8,10,7,9,8,10,9,6,10,10,10,9,9,9,8,8,9,10,8,9,8,9,7,9,10,10,9,8,8,11,8,9,8,9,8,8,9,9,10,7,8,10,10,7,9,9,8,10,8,10,7,9,9,10,9,7,10,10,9,8,9,9,8,10,8,11,10,10,7,10,9,10,9,9,10,8,8,10,10,9,11,9,10,11,8,11,8,8,8,9,9,9,7,9,9,9,9,9,10,9,10,9,9,10,10,10,10,11,10,8,8,10,10,8,8,10,10,10,7,8,9,9,9,10,9,9,7,11,9,9,8,9,10,9,9,10,10,8,10,10,9,10,8,9,9,6,7,8,9,10,8,8,8,11,8,11,10,9,10,10,9,7,10,8,8,11,10,8,7,8,10,10,6,8,11,8,8,9,11,8,12,11,8,9,9,7,8,9,9,11,10,7,11,7,7,8,9,9,10,10,11,9,7,8,10,9,8,11,11,8,11,10,10,9,9,9,9,11,10,9,7,12,8,10,9,8,10,7,9,11,7,9,11,8,9,8,10,8,10,7,11,9,10,9,10,9,8,9,8,9,9,11,10,10,6,8,7,10,9,7,10,10,9,11,11,7,11,11,7,9,9,9,9,8,9,9,11,10,11,8,8,10,8,8,11,9,7,7,8,9,11,8,10,8,7,8,10,9,8,9,8,9,9,6,8,12,7,10,10,11,8,9,8,9,7,8,10,10,9,8,9,7,10,10,9,8,8,9,9,10,10,8,9,10,10,9,10,8,8,9,9,10,8,10,8,10,8,12,7,6,9,10,11,11,8,8,11,8,10,6,8,9,8,8,8,9,7,8,7,8,11,11,8,8,8,8,8,9,6,8,11,7,8,9,10,9,10,9,10,12,8,10,11,10,10,12,9,7,9,8,9,9,10,9,8,6,8,9,8,7,9,9,7,9,10,9,9,7,10,10,10,10,7,8,9,11,8,9,7,8,9,10,11,8,7,11,9,8,10,10,8,7,9,9,10,8,8,8,10,12,9,8,10,11,10,9,7,10,11,9,8,9,10,8,8,10,7,9,8,7,11,9,8,9,7,9,10,8,7,10,7,10,8,8,11,8,8,11,9,10,9,8,8,8,9,7,7,8,8,9,11,9,9,9,9,10,9,9,8,10,8,10,10,9,10,8,9,8,9,7,11,9,10,9,10,10,9,9,10,7,8,8,7,7,9,10,7,9,9,5,10,8,9,9,8,9,6,10,10,10,8,8,9,10,9,12,8,9,10,9,10,9,7,9,9,6,9,6,8,11,10,9,10,10,11,8,9,8,11,8,10,12,9,9,6,8,8,6,11,11,9,10,9,8,8,7,9,10,9,10,8,9,10,10,10,8,9,8,11,10,11,8,8,9,7,10,8,8,10,8,11,8,8,9,8,8,7,9,8,8,8,8,9,10,8,8,7,9,9,11,9,11,10,8,8,8,8,11,7,10,9,8,8,10,8,8,8,8,11,10,9,8,7,9,10,10,10,8,10,9,8,8,9,9,8,11,8,9,11,8,9,8,10,10,10,10,9,9,9,8,9,9,8,11,10,10,10,10,4,7,8,10,7,8,8,8,10,10,8,8,10,9,10,9,8,8,8,9,11,9,8,9,10,9,9,8,9,10,11,7,9,8,9,8,8,8,10,10,9,10,8,11,8,6,8,9,11,10,10,10,7,8,9,10,8,8,8,9,9,8,9,8,9,9,9,8,12,10,9,12,9,9,8,10,8,10,10,8,10,9,9,8,10,9,8,8,8,9,11,9,10,10,9,9,11,6,6,9,10,10,8,9,9,10,10,9,11,10,10,8,11,9,11,9,9,8,8,7,10,6,9,7,10,8,9,7,11,10,8,10,8,8,9,9,9,9,8,7,11,9,11,7,8,10,9,10,8,8,6,8,8,8,9,10,7,8,8,9,9,8,8,9,7,9,10,9,10,9,10,8,9,10,8,10,8,9,9,8,8,11,10,9,6,10,10,10,10,8,10,9,10,9,9,8,9,8,9,10,9,9,11,8,8,11,
Houston Texans,0.05000000000000004,9,9,8,7,9,6,8,8,7,8,5,8,9,9,7,8,5,9,7,8,9,8,6,8,7,8,7,7,8,7,9,9,8,6,10,8,8,8,9,8,8,8,6,8,9,8,7,8,7,9,9,9,8,9,9,9,8,7,8,8,7,6,6,9,7,7,9,10,8,9,10,8,9,8,8,8,7,9,8,5,8,9,8,7,11,9,7,10,9,6,7,6,6,7,9,7,8,9,10,8,9,9,7,6,8,8,8,8,7,6,8,8,7,7,8,8,8,9,6,7,8,7,8,7,7,7,8,8,5,6,5,9,8,9,8,8,8,7,7,9,8,10,9,8,8,7,6,9,7,9,10,8,7,9,8,8,8,8,8,8,7,8,8,8,9,7,8,10,7,8,7,7,7,8,9,9,8,8,6,8,6,9,10,10,10,7,10,8,9,8,10,7,10,9,8,10,7,6,7,8,9,10,9,7,7,7,7,8,7,9,8,8,7,9,7,7,7,8,7,9,9,6,9,8,10,9,8,8,8,9,6,8,8,7,6,9,9,7,8,7,8,6,7,7,6,9,6,9,8,9,8,8,8,9,8,8,7,9,7,8,10,7,8,7,8,9,8,8,6,7,8,8,8,9,7,7,7,5,8,9,8,8,7,8,10,10,6,7,8,8,9,7,10,6,8,8,8,6,9,8,7,10,8,9,7,7,8,9,7,10,10,10,7,8,8,7,7,6,6,9,8,7,8,7,8,9,8,8,8,8,8,9,8,8,9,8,10,8,8,9,7,8,7,9,10,8,7,7,7,8,11,8,6,6,7,9,7,9,10,8,9,9,7,7,7,10,9,8,7,8,7,8,9,8,8,8,11,8,6,6,9,9,8,8,9,8,7,7,9,7,8,8,9,9,8,11,7,8,8,10,8,7,6,7,7,10,9,8,6,8,8,7,8,8,7,9,9,7,10,9,8,8,9,9,9,7,8,7,8,10,5,10,7,7,9,5,7,8,8,9,7,8,8,9,8,7,8,8,10,8,8,8,8,8,7,8,9,9,7,7,7,7,9,7,6,9,7,9,7,7,6,8,7,6,6,9,7,9,9,7,8,5,8,8,7,7,8,8,8,9,7,8,11,10,8,7,8,8,10,8,10,7,8,7,8,8,8,8,7,8,8,10,8,6,8,6,7,9,10,7,9,9,7,7,9,7,9,9,8,7,11,9,10,8,7,9,9,8,8,6,7,8,8,9,9,8,7,6,6,9,8,6,8,8,5,9,7,9,5,10,9,9,9,7,8,8,10,7,7,7,9,8,7,8,6,10,10,7,7,7,7,8,5,9,8,7,7,8,7,7,5,7,8,7,9,10,9,6,8,6,8,7,8,7,9,9,7,8,8,7,8,7,8,8,7,6,9,8,8,8,10,7,7,7,9,8,7,7,5,8,9,10,7,8,8,8,8,7,8,8,6,9,7,8,7,8,7,7,8,8,7,9,6,6,8,9,8,8,10,9,8,8,9,9,8,9,9,7,9,6,9,8,7,8,10,6,8,7,9,7,7,7,7,7,7,10,6,9,11,9,8,10,7,9,8,10,10,10,9,7,8,8,9,8,8,8,8,9,8,9,7,7,8,7,7,8,9,7,5,7,6,9,8,8,9,6,9,7,7,8,8,9,8,11,7,6,7,7,7,8,8,12,8,8,7,7,5,7,8,4,9,9,11,9,7,7,7,9,8,9,10,8,8,7,8,11,9,7,8,8,8,7,8,10,8,10,8,9,9,7,7,9,9,7,8,9,7,9,8,7,9,10,8,9,7,7,8,8,8,7,6,9,9,9,8,10,5,8,8,8,6,7,8,8,9,10,6,8,8,6,10,9,5,6,8,7,7,7,7,7,7,8,8,7,7,6,8,9,7,10,8,8,7,8,9,10,5,6,8,7,7,5,6,7,7,9,7,8,9,8,7,7,9,9,7,10,6,8,9,7,10,7,8,9,8,8,8,9,8,9,8,9,10,7,7,10,7,8,7,7,9,8,9,6,10,8,8,9,6,5,6,7,7,8,9,9,10,10,8,10,9,9,7,8,7,7,9,7,9,10,8,8,8,8,7,7,9,9,10,7,9,7,5,8,9,8,10,8,9,9,9,6,11,10,10,8,9,9,9,7,7,7,7,8,8,8,9,6,7,7,7,9,8,6,7,7,7,7,7,8,7,8,7,5,7,7,7,6,6,8,8,7,9,8,8,7,8,11,7,6,9,9,7,8,6,9,9,9,8,6,
Cleveland Browns,0.09300000000000007,5,7,8,6,10,7,11,9,8,7,7,9,7,8,7,8,7,9,9,7,8,8,9,10,9,8,8,7,6,8,4,9,7,8,11,10,7,10,6,7,7,8,10,9,7,8,11,7,8,9,9,7,9,7,8,6,10,9,7,9,8,7,9,6,6,7,8,7,9,8,6,7,9,7,6,9,8,9,8,7,9,9,7,7,8,8,9,7,8,8,8,7,5,8,8,6,8,6,8,9,8,9,7,8,9,8,10,8,8,8,7,6,9,10,8,8,7,7,7,11,9,9,9,7,8,7,9,11,8,8,7,7,8,7,11,8,9,6,6,7,10,9,6,7,9,11,8,7,7,9,8,11,9,10,9,7,8,11,8,9,9,8,5,7,7,9,8,7,8,10,9,7,8,9,9,7,9,8,9,8,7,8,5,7,9,8,10,6,7,8,7,9,8,7,9,8,7,5,8,7,10,11,8,7,9,7,10,10,9,8,7,8,6,6,8,10,11,9,6,7,7,9,6,8,8,9,7,7,6,10,8,9,7,10,6,7,6,7,6,7,8,7,8,5,6,10,8,7,8,5,6,10,8,6,6,7,10,8,8,9,6,9,8,9,11,9,8,7,8,11,8,8,5,8,9,6,8,8,7,8,8,8,7,6,8,7,8,7,8,9,9,8,7,8,8,9,5,9,8,7,10,6,8,9,9,8,9,8,8,9,7,7,10,7,9,7,7,9,8,11,8,9,8,6,6,7,8,8,8,7,7,7,7,8,10,7,10,8,8,8,10,8,6,8,9,12,7,9,6,11,8,7,7,7,8,8,8,6,7,7,10,8,8,9,6,8,9,10,7,9,6,10,8,9,8,10,8,7,9,6,7,9,7,8,8,9,8,9,8,7,5,7,10,9,8,7,9,7,6,5,7,11,8,9,10,7,9,5,10,8,8,8,10,6,8,8,6,9,9,8,9,8,7,5,10,6,7,9,8,7,7,11,6,10,9,6,7,6,8,10,7,7,7,8,9,8,6,7,6,8,11,8,10,6,6,10,9,9,10,9,10,10,9,8,9,7,7,6,6,10,9,9,9,9,9,8,8,10,9,5,7,5,5,7,6,6,7,9,9,8,7,7,10,9,9,8,9,7,9,7,9,9,9,7,9,8,7,9,8,7,8,6,8,7,9,8,7,8,9,10,9,10,8,8,6,8,12,9,7,9,7,7,8,9,6,8,8,7,10,8,7,8,10,6,10,7,8,10,6,7,9,7,8,5,7,7,6,6,8,8,9,10,11,8,6,6,9,10,7,6,6,9,8,10,9,7,9,9,7,7,8,6,7,7,7,7,8,8,8,10,6,6,7,9,7,9,6,9,9,6,8,10,10,10,10,9,10,8,10,7,11,10,6,6,8,8,8,8,10,7,7,11,8,7,9,10,9,9,9,8,9,9,7,7,9,7,7,7,8,8,10,8,9,10,8,9,5,10,7,7,10,7,10,7,9,9,7,10,7,7,8,7,9,8,8,10,8,6,7,9,9,8,9,9,11,8,8,9,9,7,10,8,6,8,8,6,7,7,7,9,9,8,6,7,8,6,7,9,10,7,8,8,8,9,9,9,10,9,8,7,10,7,7,11,9,9,6,8,7,7,6,6,9,7,9,7,9,8,5,9,7,7,7,8,8,7,9,8,8,8,7,7,8,7,9,7,9,9,8,10,8,7,9,11,5,9,10,10,8,7,7,7,9,7,9,8,9,6,8,6,8,8,6,9,8,9,7,9,7,8,7,9,7,8,8,9,7,9,8,9,7,8,10,6,9,6,8,11,7,8,8,9,10,10,8,6,9,9,7,5,9,7,9,8,9,7,8,10,9,8,8,5,11,8,5,8,8,7,5,6,9,8,7,7,5,7,6,8,7,10,8,9,8,7,9,6,8,7,11,8,9,9,7,9,9,7,8,8,8,9,7,8,9,8,9,8,8,7,8,9,8,9,7,7,8,11,7,9,7,7,7,9,8,10,9,8,8,9,6,9,7,8,6,6,11,8,9,10,7,8,7,10,9,9,7,7,7,6,8,6,6,10,6,5,7,5,9,10,11,8,8,7,7,9,8,9,10,9,9,8,7,7,8,9,9,7,7,11,10,6,5,4,6,8,8,9,8,9,7,10,6,9,9,9,8,7,8,8,9,8,9,8,9,7,9,7,7,11,9,10,7,10,9,8,8,8,7,8,7,8,9,9,8,8,7,7,7,7,8,11,8,7,7,10,7,7,8,10,9,9,
Tampa Bay Buccaneers,0,3,3,3,4,3,2,2,2,2,3,2,3,1,3,2,2,2,1,4,1,1,2,1,5,3,3,2,1,2,2,2,1,1,2,1,1,3,3,2,2,4,2,1,2,2,1,2,2,3,1,3,2,1,3,1,2,3,2,2,3,3,2,2,4,3,3,2,2,3,3,3,2,3,2,1,4,3,2,3,1,2,4,1,2,4,3,3,3,2,4,2,3,3,1,3,2,3,1,2,2,3,1,2,1,4,2,2,4,2,3,2,4,3,1,2,2,2,3,1,1,4,3,4,2,5,3,2,3,3,1,2,3,2,1,2,2,1,2,1,1,2,3,2,3,2,4,3,2,2,3,4,5,1,3,4,5,1,1,2,1,2,3,2,2,3,1,3,2,2,4,3,2,1,2,3,3,3,2,3,2,2,1,2,3,3,3,3,3,2,5,1,2,1,3,3,4,2,2,2,2,2,1,3,1,3,2,4,2,3,2,1,4,2,3,2,1,2,3,1,3,4,2,2,3,4,2,4,1,2,2,3,1,1,4,1,1,2,2,3,3,3,2,3,3,1,2,1,2,1,4,2,2,2,1,4,2,2,3,2,1,3,2,1,1,2,2,1,3,3,1,3,1,2,2,3,4,3,2,2,3,3,1,4,1,1,1,5,4,3,3,3,2,2,2,1,3,2,1,2,1,1,3,2,2,2,4,3,3,1,3,2,2,2,2,2,3,3,1,2,3,2,2,2,2,2,4,4,3,4,2,5,3,1,1,3,5,3,2,1,5,2,2,1,1,2,3,3,3,2,1,2,3,4,4,2,2,4,5,2,4,2,2,3,1,3,2,2,3,3,2,1,1,2,2,2,2,3,1,2,2,1,2,3,4,2,3,2,4,1,2,1,2,4,2,2,2,4,2,2,1,2,2,3,3,1,4,4,1,1,3,3,3,1,3,2,2,3,5,2,2,3,4,2,1,2,2,1,2,3,3,3,3,1,1,3,2,3,3,5,2,1,2,2,2,2,1,3,3,3,2,1,2,2,3,3,2,2,2,2,4,2,3,2,1,1,1,2,2,2,2,2,3,3,2,3,5,2,2,3,3,3,2,3,2,3,1,3,3,3,3,4,1,2,3,1,3,1,2,2,3,2,1,2,2,2,2,1,1,3,2,3,2,2,2,3,2,1,2,1,3,3,2,3,1,3,3,3,1,1,1,2,2,2,4,3,3,3,4,2,1,2,1,2,1,3,2,3,1,1,2,4,3,1,2,2,1,1,3,1,5,3,2,1,3,1,1,4,2,2,4,2,1,3,3,3,3,1,2,3,4,1,2,3,2,2,1,3,1,2,2,3,1,1,2,3,3,4,1,1,2,2,1,4,2,2,1,3,3,4,2,2,2,3,3,1,5,2,3,2,4,1,1,4,4,3,2,1,1,2,3,3,1,2,2,1,2,2,4,2,3,3,2,1,2,2,2,4,2,1,1,1,2,2,1,1,1,1,2,1,2,3,1,4,2,2,3,2,1,3,5,4,2,4,4,2,4,1,2,3,3,2,4,2,2,2,2,3,3,1,3,2,2,1,3,2,2,2,3,4,1,4,2,3,3,1,2,3,3,2,3,2,2,3,3,3,1,2,2,3,2,2,4,3,5,2,2,1,2,2,1,1,2,3,2,3,3,2,2,1,3,4,5,2,2,4,2,4,4,1,2,2,3,2,2,2,1,2,1,3,3,2,2,1,3,6,4,1,1,2,1,3,2,2,3,1,2,3,2,2,3,1,3,3,1,3,2,3,2,3,5,2,3,5,2,5,3,4,3,3,2,2,2,4,4,3,3,2,3,2,3,3,1,3,1,2,3,2,4,2,4,3,2,2,2,5,3,5,1,2,2,2,3,2,1,3,3,1,3,1,2,4,2,3,5,1,3,3,2,2,2,1,2,1,2,2,3,5,2,3,2,2,3,4,3,3,1,1,2,2,2,3,2,2,3,2,3,2,2,2,2,1,3,3,1,1,2,2,4,2,3,2,3,2,3,1,3,5,2,2,2,1,1,4,2,2,3,1,2,2,3,1,2,3,3,2,1,4,2,3,2,2,3,2,3,1,1,4,2,2,1,2,4,1,2,4,2,2,2,1,1,1,3,1,2,1,4,3,1,2,2,1,2,1,3,4,2,1,2,2,2,4,3,2,2,2,5,3,1,5,1,3,2,2,1,2,4,4,1,2,3,2,1,4,2,2,1,3,2,3,1,1,3,2,4,1,3,3,3,3,2,
St. Louis Rams,0,5,5,3,4,4,4,5,4,2,3,5,4,4,3,3,3,4,4,4,4,6,5,5,3,4,2,3,4,3,3,3,4,2,4,6,3,3,3,3,4,4,4,6,3,4,5,3,3,4,5,5,5,4,2,2,3,4,3,3,4,4,4,3,4,3,5,4,4,4,5,5,2,5,5,3,4,4,5,5,5,4,4,3,5,4,3,4,4,2,4,4,4,4,5,4,4,4,2,4,6,5,3,5,4,3,7,6,4,4,4,4,4,5,5,3,3,3,4,4,2,4,2,4,4,6,5,3,5,4,4,5,5,4,4,5,3,3,4,4,4,5,3,3,3,3,5,4,5,3,6,5,3,4,4,4,6,3,4,3,3,4,4,4,2,2,5,4,5,4,3,5,3,4,3,3,3,4,6,4,3,2,6,4,6,4,4,4,4,4,4,5,3,4,3,5,4,5,4,3,3,4,3,4,6,4,7,5,4,5,3,3,4,3,6,4,4,4,4,2,3,2,4,4,4,4,5,3,4,3,4,4,4,4,4,4,2,2,4,5,3,4,3,4,3,4,5,4,4,4,6,2,3,3,6,5,4,4,4,7,4,3,5,4,3,4,4,2,3,3,5,4,3,3,5,4,5,2,5,5,3,4,4,4,4,3,5,5,4,5,3,3,5,4,4,5,5,3,4,4,3,3,3,4,4,3,4,4,3,2,6,6,2,3,4,4,4,4,5,4,5,3,5,5,3,7,3,5,3,5,4,3,3,4,4,2,4,4,4,2,3,3,5,3,3,4,5,4,3,5,3,4,6,4,4,3,3,5,4,3,3,2,4,5,4,4,4,5,4,3,4,5,3,4,3,5,5,4,5,4,5,4,3,4,4,3,3,2,3,3,3,4,5,5,5,4,6,4,5,4,4,5,3,2,3,5,3,3,3,3,5,4,5,3,3,4,4,5,5,3,3,4,4,3,4,5,5,4,5,4,3,5,5,4,3,4,6,3,5,4,3,5,3,4,5,5,5,4,3,5,3,4,3,2,5,6,4,4,3,4,5,5,5,5,4,3,4,5,4,5,4,6,5,4,5,4,3,4,4,5,3,4,4,2,4,3,3,3,3,4,6,3,4,3,5,3,4,4,4,4,5,5,5,3,4,2,3,2,3,4,3,5,5,3,7,4,4,6,4,4,4,4,4,4,2,4,4,6,4,3,4,4,4,4,4,5,3,6,3,3,3,4,4,4,4,2,2,4,3,4,4,4,3,3,5,4,3,2,3,4,3,4,4,5,4,4,4,2,3,3,4,4,4,2,2,2,5,3,4,3,4,5,2,3,3,4,4,3,4,3,2,4,4,3,5,5,5,5,6,3,3,3,5,2,4,4,4,5,4,3,3,3,4,5,3,5,3,3,4,5,5,4,3,4,5,4,4,4,4,5,3,5,6,3,4,5,3,4,3,5,4,4,3,4,2,5,3,4,7,3,4,5,5,4,2,5,3,6,6,7,5,4,5,3,5,5,4,4,3,5,4,4,4,5,5,5,3,4,3,3,3,3,4,5,5,5,4,5,3,3,5,3,3,4,3,3,3,3,5,7,4,4,4,3,3,4,2,5,3,4,4,3,4,3,4,2,3,4,3,4,4,7,3,4,3,5,5,7,4,2,4,4,4,4,3,5,4,3,3,3,3,4,3,4,5,3,2,5,3,6,5,4,4,2,3,5,4,6,5,4,4,4,3,3,4,3,4,4,3,3,4,6,3,3,3,4,4,4,3,3,4,4,4,4,5,6,4,3,3,3,3,4,4,6,4,5,3,2,4,3,4,3,2,5,4,3,4,4,5,3,5,4,4,3,3,3,2,3,6,4,3,5,4,4,4,4,3,4,6,4,5,5,4,4,5,4,3,4,4,2,4,4,6,5,6,3,3,3,3,4,3,3,3,3,5,5,4,2,4,5,4,3,4,4,3,4,4,3,3,3,3,3,4,5,6,3,3,4,3,3,4,4,6,3,2,3,4,4,4,4,3,5,5,3,3,2,5,4,5,5,4,5,5,3,4,5,4,5,4,3,3,4,4,4,4,3,2,3,4,3,3,2,3,3,6,5,4,3,4,4,5,3,4,4,6,4,4,3,5,2,4,6,4,3,2,4,2,2,6,5,3,4,4,4,4,4,4,3,5,4,4,5,3,5,4,3,4,5,5,5,2,4,4,3,5,3,5,3,3,3,4,4,5,6,3,5,3,5,3,4,7,4,3,5,4,4,4,3,4,3,4,
Baltimore Ravens,0.9840000000000008,13,13,14,11,13,12,12,12,13,13,14,12,13,11,12,13,13,11,13,14,14,12,12,13,12,12,13,14,13,13,14,12,12,11,11,13,13,11,12,13,11,12,12,14,12,13,13,13,12,12,14,12,14,12,12,12,13,13,12,12,10,11,11,11,14,11,12,12,11,14,13,12,12,13,12,13,12,13,12,13,12,12,13,10,12,13,12,12,12,10,13,9,12,11,11,13,12,12,11,13,13,13,13,12,13,13,11,12,13,14,11,12,12,13,10,11,12,13,12,14,13,12,14,12,11,13,12,11,12,12,13,13,14,13,12,12,11,13,12,13,13,12,13,11,12,11,12,12,11,12,13,13,12,13,10,11,11,12,9,12,13,12,12,13,12,12,13,12,13,12,11,13,13,12,13,14,11,14,13,11,11,12,12,12,12,12,13,14,11,13,14,12,14,10,11,13,13,12,13,11,13,13,13,14,12,14,13,13,13,11,13,13,11,13,11,13,11,11,10,14,13,13,11,12,14,12,13,13,13,11,13,11,11,12,11,13,12,13,13,11,14,14,12,14,12,12,12,12,10,14,12,13,13,12,9,13,13,12,12,12,12,12,12,11,13,12,12,8,13,12,11,10,12,12,10,12,13,11,13,13,12,13,14,14,12,12,12,13,12,14,10,13,12,10,11,12,12,13,12,12,13,9,11,12,13,12,13,13,12,13,12,12,13,12,14,13,12,12,12,12,13,13,13,12,11,12,12,11,11,13,11,11,9,13,12,12,10,12,11,12,14,12,11,11,11,13,12,10,13,10,12,13,12,14,11,11,13,14,13,12,13,12,12,12,11,13,12,13,13,11,12,12,13,14,13,12,11,12,14,10,12,13,13,10,12,11,13,13,11,14,13,12,13,11,12,11,12,11,12,13,12,11,14,11,13,13,12,13,12,13,13,13,13,13,12,13,12,12,12,13,13,12,13,12,11,13,13,11,12,11,12,12,12,12,12,11,11,12,12,12,12,14,14,12,11,14,12,12,11,13,12,13,13,12,13,14,13,13,11,12,12,13,13,13,11,10,12,11,14,12,13,11,12,12,13,11,12,12,12,14,13,11,13,11,12,11,13,12,13,11,13,13,12,11,13,14,10,13,12,10,11,11,13,14,14,14,13,12,13,13,13,12,11,12,13,10,14,13,12,13,12,12,12,13,13,12,11,12,14,13,11,12,14,13,13,13,12,12,10,10,13,12,13,12,12,13,13,9,12,13,13,13,14,14,13,13,13,12,13,12,12,13,11,13,13,11,12,11,11,12,14,12,11,11,12,13,14,11,14,14,13,12,13,12,11,13,13,13,13,11,11,13,11,10,13,14,12,12,12,13,10,11,12,12,13,11,12,12,11,11,9,13,12,13,13,13,12,13,12,12,10,12,14,12,13,13,13,13,12,12,13,11,11,11,11,9,10,13,14,12,13,12,12,13,13,11,13,11,12,11,13,14,12,11,12,12,14,11,13,12,12,14,14,13,11,12,12,14,13,12,12,14,14,11,13,11,13,14,14,13,11,12,14,12,12,10,11,13,12,12,10,14,11,12,11,10,12,13,12,12,12,12,12,10,14,13,12,11,13,14,14,13,11,13,12,12,12,10,13,13,12,13,13,13,13,13,12,12,12,13,13,10,10,11,13,13,11,13,13,13,12,11,13,13,12,13,11,12,11,12,12,11,12,12,14,14,12,11,12,13,14,13,13,13,11,11,13,14,13,13,13,13,13,12,14,12,10,12,13,11,12,11,11,12,12,12,13,13,11,14,12,11,14,13,14,13,14,12,10,12,12,13,11,12,12,12,12,13,12,11,12,12,14,12,12,13,13,9,12,12,14,13,10,12,13,12,14,12,11,11,12,11,12,13,13,10,9,13,11,13,12,13,12,13,10,13,13,13,11,12,13,13,11,12,13,12,10,13,9,14,12,13,13,11,11,12,11,12,11,13,13,13,11,12,13,11,12,13,13,12,12,12,12,13,13,12,14,12,13,11,12,13,13,13,12,9,11,12,14,14,13,11,13,11,14,12,13,13,13,12,13,10,13,12,9,11,13,11,10,12,13,13,13,14,12,11,12,11,14,13,14,12,12,12,12,12,11,11,12,11,13,13,13,12,12,11,13,13,12,11,13,12,12,14,13,14,13,12,14,11,11,12,12,13,12,13,14,12,12,13,13,13,14,12,10,11,14,12,14,13,14,12,12,14,10,12,12,12,12,14,12,13,12,14,13,14,12,13,11,12,
Tennessee Titans,0,3,3,5,5,4,3,5,6,3,4,5,2,8,4,6,4,3,5,4,7,4,5,3,5,5,5,3,3,4,7,5,4,4,5,4,4,5,4,2,3,8,5,3,4,4,4,3,4,5,4,4,4,3,6,3,4,6,2,4,5,5,4,6,4,3,5,4,6,5,4,2,3,4,4,5,2,3,3,4,8,4,4,3,4,4,6,4,5,3,4,4,3,4,5,2,5,5,4,5,5,6,3,4,3,5,3,4,5,5,4,4,7,2,4,3,5,5,3,4,5,5,4,4,3,4,5,4,5,6,4,4,9,3,5,6,4,5,5,5,5,5,4,3,4,4,3,2,6,6,4,6,5,5,7,3,4,6,2,3,6,4,6,4,6,5,2,3,5,3,5,3,4,5,5,3,4,2,5,3,4,2,4,5,3,5,3,7,5,5,4,3,4,6,4,3,5,4,3,4,4,5,4,3,4,4,5,5,4,3,6,6,5,4,4,4,5,5,6,4,5,3,4,5,5,4,4,4,2,6,4,4,6,5,6,3,3,6,5,3,7,5,4,6,4,3,4,3,4,5,7,3,4,5,6,5,5,6,6,5,2,4,4,5,3,4,5,4,4,4,5,5,5,6,4,5,3,5,3,5,5,4,6,7,5,4,4,8,4,2,4,4,5,4,5,4,5,3,5,4,4,4,3,3,5,4,6,5,4,3,5,4,7,5,4,2,7,6,3,4,5,5,6,5,5,5,5,4,6,4,4,4,4,5,3,6,3,6,5,4,4,4,5,3,3,6,5,6,4,6,4,4,3,5,4,4,4,5,4,5,4,4,5,5,4,3,4,6,5,5,4,3,5,3,3,3,2,4,2,4,4,4,6,5,4,3,6,4,2,6,6,5,2,5,3,7,4,5,4,3,5,4,5,5,3,6,4,4,4,3,5,5,5,5,4,4,5,5,3,4,5,7,5,4,3,4,3,6,4,4,5,4,6,3,6,5,4,5,4,3,3,4,5,5,4,4,3,4,6,5,4,6,4,6,3,4,5,3,6,3,5,5,5,6,5,4,5,3,3,5,6,2,5,4,4,4,6,4,7,6,4,3,3,5,4,2,3,4,3,5,6,4,5,5,5,5,6,4,4,5,3,4,6,7,5,4,3,4,6,6,4,6,6,3,4,2,3,4,3,4,4,4,4,5,4,3,4,4,5,7,4,6,4,6,3,6,5,5,3,6,4,4,5,6,3,5,5,7,4,4,5,5,5,3,4,5,5,3,4,6,5,5,5,5,4,4,5,4,6,5,3,5,4,4,7,4,5,6,4,4,4,4,2,3,3,5,5,6,5,5,5,5,4,3,4,3,4,4,4,4,5,4,4,4,4,5,5,5,6,3,7,5,3,7,6,3,2,5,5,5,5,5,5,6,5,4,5,4,5,4,4,5,6,4,5,6,4,3,5,5,5,4,7,4,6,5,5,5,3,6,6,3,4,5,7,5,5,5,5,4,4,3,3,3,6,4,5,6,3,4,4,3,4,6,4,6,5,6,6,4,5,7,4,3,3,7,3,5,4,3,4,3,4,4,4,5,4,5,4,5,4,4,4,4,4,4,4,5,6,4,4,5,4,3,6,5,5,4,4,7,3,3,4,4,5,4,2,4,4,3,5,6,6,3,4,5,5,4,3,3,2,4,7,6,6,3,4,4,4,4,5,3,4,4,5,5,5,4,5,5,4,4,4,6,4,5,5,4,5,4,2,4,7,3,4,4,3,3,6,4,3,4,5,4,5,4,6,6,4,3,5,4,4,6,2,3,4,3,4,4,5,2,4,6,4,2,6,4,4,5,5,6,4,5,4,6,3,6,4,4,3,4,6,2,4,3,5,5,6,3,3,5,4,6,3,3,4,4,3,6,5,4,5,5,5,4,4,4,6,6,5,4,3,7,6,4,3,4,5,5,6,5,4,4,4,4,3,4,4,4,4,6,4,5,5,7,6,5,3,3,4,4,3,4,5,4,5,3,3,7,3,5,3,7,4,6,5,4,4,6,4,4,5,6,4,4,7,6,4,2,5,4,5,4,3,4,5,4,4,7,5,7,4,5,4,5,4,4,4,5,4,5,4,5,3,3,3,3,4,3,4,6,4,5,4,2,5,4,4,4,4,4,6,2,4,4,3,3,5,5,3,5,3,5,4,6,4,4,4,5,5,4,4,5,3,4,4,5,5,5,6,4,3,5,5,2,4,3,6,4,4,4,5,2,4,7,5,5,3,4,5,
New York Giants,0,6,6,7,4,7,7,6,7,7,8,9,6,6,8,9,8,9,7,8,4,7,8,6,7,8,7,7,6,9,8,5,8,6,9,6,7,6,7,9,6,6,6,8,7,7,7,6,6,7,5,5,7,9,9,4,5,7,8,7,7,6,8,6,7,6,8,9,7,8,5,7,8,8,7,7,6,5,7,6,7,5,8,7,8,7,9,8,6,5,7,6,7,8,5,6,7,7,4,8,7,8,6,6,6,6,6,6,5,7,7,6,8,7,7,7,6,6,6,7,8,7,7,8,7,6,6,6,6,5,6,8,7,6,7,6,8,7,7,6,7,6,8,6,7,5,8,8,6,8,8,6,5,8,6,7,7,8,8,6,10,6,7,7,6,7,6,5,7,7,9,5,5,5,7,5,6,5,7,5,6,6,7,6,8,8,6,6,7,8,6,8,8,7,8,9,6,7,7,6,6,5,8,6,7,11,7,9,4,6,8,6,8,6,5,9,7,7,6,7,5,8,6,7,7,6,8,6,6,8,5,7,7,7,9,6,7,8,6,7,6,7,7,5,7,8,6,9,6,4,6,8,7,7,8,5,7,8,7,7,6,8,6,6,6,8,7,5,5,7,8,5,8,8,7,8,7,6,6,7,8,8,5,9,7,6,9,7,6,7,8,7,9,7,5,8,7,7,7,6,5,7,8,5,5,9,8,5,7,7,7,6,8,7,8,8,9,7,6,5,8,9,6,7,8,8,7,7,7,5,7,7,6,8,6,6,8,6,5,5,8,7,7,7,5,6,8,5,7,5,9,7,6,7,7,7,7,7,7,7,5,6,7,7,9,8,8,6,6,9,5,8,8,5,6,9,7,8,7,8,7,6,6,8,6,7,8,6,7,5,6,6,7,9,7,8,6,8,5,7,6,9,7,6,7,5,8,4,6,6,7,8,6,8,5,7,8,5,8,6,7,6,7,6,6,7,5,5,7,9,8,8,8,8,7,7,7,7,7,8,7,7,8,8,7,6,6,7,7,6,4,6,6,7,9,7,7,7,8,6,6,7,6,6,8,8,6,8,8,8,8,5,8,6,9,5,6,7,8,10,7,6,8,9,8,7,9,6,5,9,6,7,8,7,8,7,6,8,6,6,8,8,6,6,7,7,8,7,6,8,8,9,4,5,6,8,6,8,7,5,8,8,8,9,6,6,5,7,6,7,6,5,7,7,6,7,7,9,6,8,6,6,6,5,7,9,6,9,7,6,7,6,7,8,7,7,10,8,6,9,10,8,6,6,6,6,8,6,6,7,10,7,7,7,7,6,9,7,6,6,7,7,6,6,5,8,6,7,8,8,8,7,6,8,7,7,7,7,7,6,9,8,6,7,7,9,7,7,8,6,5,9,8,7,7,8,7,8,5,7,8,9,9,8,8,8,8,7,6,7,6,6,7,3,5,7,7,7,6,7,7,7,6,9,6,7,6,9,8,8,6,5,8,5,7,5,8,6,6,7,7,9,7,8,6,6,7,9,6,6,6,6,7,6,6,8,6,7,6,7,7,6,6,6,5,7,6,6,8,7,6,7,8,6,5,6,6,9,7,6,8,8,6,7,6,5,8,9,7,8,5,6,7,5,10,7,6,8,7,5,8,7,8,7,7,7,6,7,6,7,5,6,5,6,6,6,7,8,8,7,7,9,7,5,6,6,7,7,6,6,7,7,8,7,7,5,8,6,6,6,6,5,6,9,7,7,8,8,6,7,7,8,6,7,9,6,8,9,8,7,7,9,6,7,9,8,7,7,6,9,7,6,10,8,9,7,8,10,8,7,9,5,6,10,6,7,6,8,6,6,8,5,7,5,5,7,7,7,6,5,6,6,6,6,7,7,7,6,8,8,8,6,8,4,7,6,6,6,4,5,9,9,6,5,5,8,6,8,5,7,4,5,6,7,5,6,6,7,8,7,7,8,6,7,8,8,5,6,6,5,8,7,10,8,6,6,8,7,6,5,6,8,5,9,8,8,5,8,7,9,7,7,6,5,7,6,5,7,6,8,5,8,9,8,7,5,10,5,6,9,9,6,6,7,7,7,8,6,6,8,8,7,7,10,4,7,6,7,9,8,7,6,6,5,7,6,7,6,6,7,6,5,7,5,7,5,8,9,7,6,7,7,6,8,8,7,7,8,7,9,6,7,5,5,8,6,7,7,7,7,7,7,5,10,5,6,7,7,7,5,8,6,6,6,6,5,7,7,6,6,6,6,9,6,7,10,8,8,8,6,6,
Carolina Panthers,0.6910000000000005,7,9,9,8,8,7,7,6,8,7,9,7,11,8,8,10,7,9,8,8,9,9,7,9,8,6,10,9,8,7,9,11,10,8,8,7,8,5,8,8,6,7,5,8,10,7,8,8,7,8,8,8,7,9,6,4,9,8,8,7,9,9,7,8,11,6,9,8,8,9,8,5,5,8,9,8,6,7,8,7,9,8,9,6,9,8,9,7,5,4,7,6,9,7,9,8,8,7,8,7,6,8,8,5,8,7,7,7,7,8,7,7,10,8,7,9,8,11,9,7,8,8,7,7,8,8,5,10,10,9,10,9,8,8,8,9,9,9,7,7,9,7,10,7,10,8,10,8,6,7,9,9,10,10,8,7,8,9,9,8,7,6,9,5,8,10,8,5,8,8,9,7,9,9,9,5,8,8,6,9,10,10,8,10,6,7,8,10,7,10,7,7,7,9,7,8,10,8,8,7,7,7,9,8,9,8,10,7,7,11,5,9,6,8,6,9,8,8,8,6,9,8,9,7,9,8,5,9,9,8,6,6,8,7,7,8,7,6,9,7,6,9,9,7,10,8,6,8,9,9,7,10,9,7,6,10,8,8,9,10,7,10,4,7,6,7,6,7,7,7,6,7,8,9,8,7,8,9,9,8,7,6,7,7,8,9,7,8,8,7,9,5,8,9,10,8,7,5,9,8,7,10,5,6,7,6,6,9,7,7,9,8,8,6,8,9,7,6,9,7,10,8,7,7,8,6,9,8,8,6,7,6,9,8,7,6,6,10,8,8,9,7,8,9,7,8,9,7,8,5,6,11,7,6,9,8,6,6,7,8,7,4,9,6,6,6,9,5,6,8,8,8,8,8,7,9,7,8,7,7,7,9,8,10,7,7,8,8,8,7,7,6,8,7,8,8,11,9,8,9,9,7,8,10,5,8,9,9,6,9,7,10,7,10,8,7,9,7,6,9,7,7,10,7,7,9,6,8,7,7,7,7,6,7,6,8,7,7,10,9,7,6,8,7,7,8,7,8,9,8,10,9,10,11,7,8,8,7,9,9,7,6,10,9,9,9,7,4,9,8,8,8,9,9,8,9,9,8,8,8,8,10,9,7,9,8,7,7,10,7,5,7,7,9,7,10,6,9,4,5,8,9,9,7,10,7,8,8,9,7,7,7,9,9,7,8,6,8,7,10,9,8,8,9,7,11,7,10,8,8,9,10,7,7,7,8,6,7,8,7,8,7,7,8,9,8,8,7,8,7,8,8,10,8,6,8,8,8,9,6,8,6,8,8,6,7,7,8,8,8,11,8,9,6,8,7,7,9,10,7,6,9,9,9,9,8,8,7,7,9,9,7,6,9,6,8,9,7,6,6,6,7,7,7,7,10,7,8,9,10,8,7,8,9,10,8,7,9,9,9,9,8,6,10,8,9,7,7,8,8,8,8,7,10,7,8,9,7,7,8,9,8,6,7,7,7,9,9,6,9,7,8,7,10,7,7,9,7,9,8,9,7,9,8,9,9,8,6,7,8,6,8,7,10,9,6,8,10,6,9,8,10,9,6,6,10,7,7,6,8,8,8,8,8,8,7,8,7,10,9,7,10,9,8,7,9,6,5,10,9,8,8,6,7,8,6,9,5,9,9,7,10,8,8,7,12,9,8,6,8,7,10,8,7,8,9,9,7,7,9,8,8,9,8,5,9,8,9,11,7,6,9,6,7,10,8,9,10,11,8,9,7,9,8,7,9,7,9,9,7,8,7,8,8,7,10,9,8,9,9,9,9,10,9,7,8,10,8,7,9,11,7,8,9,8,9,8,7,7,6,8,7,7,9,8,6,10,9,7,7,7,6,11,7,5,12,7,8,8,5,6,10,8,8,6,9,8,7,9,9,6,5,7,7,7,11,9,10,8,8,8,9,9,8,9,9,9,7,8,9,9,8,10,8,8,5,8,9,10,7,7,5,8,10,8,9,8,9,9,6,8,9,7,7,7,7,9,9,7,6,8,7,7,6,10,7,7,8,9,9,7,7,7,10,9,11,7,10,7,9,10,7,9,9,9,6,5,6,6,10,8,9,8,7,6,9,8,7,7,8,9,8,6,8,9,7,9,7,9,7,6,7,8,8,7,6,8,9,8,7,8,9,6,7,7,8,8,7,9,10,9,9,8,9,4,9,5,7,9,7,8,10,7,9,9,8,8,8,7,8,8,6,9,7,10,5,8,6,8,6,7,8,7,9,7,7,8,9,8,8,8,8,9,6,9,7,9,7,5,5,
Denver Broncos,0.9960000000000008,12,15,14,12,13,11,13,13,12,15,12,12,14,14,15,13,14,13,12,13,11,14,14,12,12,14,12,14,12,13,12,12,11,10,12,14,13,13,12,13,13,13,14,13,13,12,14,14,12,14,14,11,12,13,13,14,12,13,12,14,13,15,13,11,13,15,13,12,14,12,14,12,13,13,11,14,12,15,12,12,15,11,15,13,10,13,14,14,11,14,14,12,12,14,13,15,13,14,14,14,13,11,14,14,14,13,14,13,10,14,14,14,14,12,15,13,13,13,14,13,10,12,13,14,13,14,14,13,15,11,11,13,11,12,12,13,13,12,14,12,12,13,13,13,13,13,12,14,13,12,12,10,12,13,12,14,14,14,13,12,13,15,14,14,14,12,14,13,12,14,12,13,15,12,12,13,14,14,13,12,12,13,12,11,11,12,10,11,12,14,11,14,12,13,13,12,13,15,14,13,15,12,14,12,11,12,12,11,12,14,13,12,15,13,14,13,14,14,13,14,13,13,13,13,14,12,11,15,15,12,14,13,13,13,13,13,13,12,13,15,13,14,13,13,13,12,12,13,13,13,13,14,13,13,12,13,12,13,14,13,14,15,14,11,14,15,14,14,14,12,12,11,12,11,13,13,14,14,13,13,14,14,14,15,15,13,13,13,13,12,14,14,12,13,12,12,13,12,14,13,13,13,12,15,13,12,14,13,12,11,13,15,14,12,11,12,14,13,13,14,15,15,14,12,12,13,14,12,13,13,12,14,15,12,13,13,11,12,12,14,11,10,13,14,13,12,13,11,14,12,13,13,13,11,15,12,13,13,15,13,12,11,14,12,12,11,14,12,13,12,13,13,12,13,12,12,14,13,11,14,14,14,14,12,13,14,12,14,12,12,14,13,11,14,13,11,11,13,13,15,14,15,14,12,13,12,11,13,14,13,13,13,13,12,11,12,14,13,14,13,11,13,12,14,13,12,13,10,12,15,13,14,10,14,13,13,14,12,13,13,14,14,15,13,15,13,12,13,13,12,13,14,13,13,15,13,14,13,13,12,13,13,14,14,13,14,14,11,12,12,13,10,12,14,14,14,14,13,14,12,14,11,14,12,14,14,13,12,13,13,11,15,14,13,14,15,12,14,14,13,11,14,13,13,12,14,15,11,11,14,13,12,13,11,14,12,15,12,14,13,14,14,13,13,14,13,12,14,13,14,14,12,11,12,14,13,15,14,13,15,15,14,13,13,13,14,14,12,13,13,13,13,11,15,14,11,13,12,13,14,13,13,13,14,14,13,12,12,12,13,14,13,14,13,15,12,12,13,13,12,12,11,13,14,12,14,11,14,13,15,14,14,12,14,12,10,14,13,13,13,14,13,13,14,14,13,14,11,13,13,13,11,11,14,13,14,11,14,13,12,14,12,14,13,14,11,11,12,14,14,14,15,14,13,12,13,14,11,12,14,13,14,13,13,13,13,13,12,13,12,14,14,14,12,11,13,14,13,12,10,14,12,15,13,14,12,12,13,14,14,12,13,12,14,14,13,12,12,14,15,14,13,14,14,13,13,14,13,13,13,13,14,12,13,14,15,13,11,12,13,12,12,12,14,14,15,12,14,13,14,13,14,12,12,10,12,14,15,13,14,14,14,15,12,12,13,14,12,12,15,12,14,13,15,13,12,13,11,12,13,14,13,14,11,13,12,13,14,12,14,12,13,13,14,13,12,14,13,15,12,13,14,12,13,13,12,12,12,14,13,14,13,14,12,15,13,12,13,13,14,12,14,14,15,12,11,13,15,13,12,14,11,13,13,13,12,13,14,13,13,13,15,12,12,14,14,12,12,13,14,13,13,12,14,13,11,14,13,13,12,14,14,9,13,13,12,14,12,12,12,14,14,14,14,11,14,9,14,14,12,13,13,13,14,15,12,13,12,12,12,14,12,13,11,11,12,12,12,14,11,14,13,13,13,12,12,12,15,13,12,15,14,13,12,13,14,14,13,12,12,15,13,12,13,14,12,12,13,13,14,13,14,11,12,14,13,13,13,13,12,14,12,13,13,12,14,13,13,14,14,15,11,12,12,11,13,11,13,13,13,15,13,13,14,13,10,12,14,10,13,13,11,13,13,15,14,14,12,12,13,12,14,13,13,14,14,13,15,10,11,11,14,12,15,14,13,9,12,13,13,13,14,13,15,14,14,13,14,15,13,14,14,13,15,14,13,14,12,14,13,12,14,13,13,13,14,13,13,11,13,12,13,13,12,14,14,12,13,14,14,
Washington Redskins,0,6,5,5,7,6,5,4,6,7,5,5,4,4,3,6,3,5,4,3,6,3,4,4,4,5,3,4,4,4,4,4,5,4,5,6,6,6,5,4,6,6,6,4,3,4,3,5,5,5,5,4,6,4,4,3,5,5,6,6,4,5,7,5,4,5,6,3,7,5,6,4,6,6,5,5,6,7,4,5,5,6,4,5,7,5,5,4,5,4,4,6,5,3,4,7,5,5,4,3,4,5,5,3,5,5,6,7,6,5,4,4,4,4,5,6,3,4,4,4,4,5,3,5,6,4,3,8,5,3,6,4,6,3,7,5,4,5,5,5,5,6,4,6,3,4,3,8,4,4,4,6,4,7,4,4,5,6,4,5,5,4,6,3,6,6,6,5,4,6,4,5,3,4,3,3,6,5,6,5,4,4,5,3,5,4,4,5,6,5,7,4,3,5,4,7,5,6,4,4,2,8,7,3,4,4,5,5,4,5,4,5,5,7,4,5,4,4,5,7,6,2,3,5,4,5,4,3,6,4,5,5,3,5,4,4,4,5,7,2,4,6,5,6,3,4,4,6,6,5,5,5,5,6,5,5,5,3,5,4,6,7,6,6,5,4,5,3,5,5,3,3,6,3,3,6,3,4,4,6,6,5,4,4,5,6,6,4,3,6,4,5,5,6,4,6,7,4,5,4,5,5,5,5,4,4,5,5,3,5,4,5,5,4,4,7,4,5,5,5,7,3,5,5,4,4,7,5,5,4,5,5,2,4,4,5,4,5,4,5,5,4,2,5,5,4,5,5,6,6,4,3,4,7,3,3,2,5,6,5,5,4,7,4,5,6,5,6,6,4,4,5,6,5,4,5,5,5,2,2,3,6,4,4,5,7,4,7,4,3,5,4,6,4,4,3,4,4,6,5,4,7,7,6,4,7,3,6,6,3,4,4,4,5,6,5,7,4,5,4,5,5,3,4,6,4,4,5,6,6,5,5,5,4,5,3,4,5,5,6,5,5,7,5,4,4,6,5,6,6,4,4,5,5,5,4,4,6,6,3,5,5,5,5,4,3,4,4,4,4,5,7,5,5,4,5,4,4,7,5,5,5,3,5,6,5,4,5,5,3,4,5,5,5,3,3,6,4,5,7,3,5,3,4,6,5,4,5,6,4,4,5,5,6,3,5,6,4,6,5,5,5,3,5,5,4,2,4,5,5,3,4,4,5,5,5,5,6,5,4,4,6,5,4,5,5,4,4,8,4,6,4,6,3,3,5,4,5,4,4,4,5,6,5,2,4,5,6,4,6,4,5,4,5,3,5,4,6,4,5,6,2,3,6,3,4,4,4,4,5,5,6,4,5,5,4,5,5,4,6,4,5,3,3,5,4,6,5,6,3,6,5,5,3,4,6,4,4,5,4,5,5,5,6,4,5,5,3,4,4,3,3,5,3,7,5,5,6,6,4,4,5,5,7,4,4,5,6,5,6,4,5,4,5,4,6,5,6,5,4,4,3,4,3,5,4,4,7,5,6,5,5,6,6,5,5,6,4,5,4,4,5,3,5,5,5,5,7,3,5,4,4,4,5,4,4,7,6,4,4,6,6,3,5,5,5,4,7,4,6,6,6,4,4,4,3,5,4,5,5,4,6,4,5,5,4,6,5,3,5,7,4,5,5,5,4,5,5,5,5,5,5,7,4,4,4,3,5,5,4,6,7,3,6,5,3,3,6,5,5,4,4,6,5,4,5,3,5,5,5,4,4,6,6,6,5,4,7,6,5,4,4,3,6,4,5,5,3,5,7,4,5,5,6,4,5,4,6,5,5,5,6,5,7,4,3,3,6,4,5,4,3,4,5,5,6,6,3,5,4,3,6,4,4,4,5,4,3,4,6,5,7,4,3,5,5,5,5,3,4,4,4,4,5,6,2,5,5,5,5,4,5,3,3,4,5,4,5,4,3,5,3,5,6,5,5,2,6,4,4,5,5,5,4,3,4,5,6,5,5,3,5,3,5,4,4,5,6,4,4,4,4,5,5,3,3,5,4,4,6,3,6,5,4,6,5,3,4,3,5,6,5,5,5,5,5,5,6,6,3,5,4,4,5,6,5,2,3,4,5,4,3,4,7,5,6,6,6,4,4,4,6,5,4,6,3,5,5,6,5,6,4,6,5,2,6,5,5,4,5,5,4,4,4,5,5,4,5,4,4,4,5,5,5,5,6,4,4,3,4,3,6,6,5,5,5,4,5,6,5,5,5,6,4,2,4,6,5,3,6,5,
Dallas Cowboys,0.9830000000000008,13,11,12,14,13,14,12,12,13,12,13,12,13,13,12,13,13,14,12,10,13,13,13,12,11,11,11,12,12,11,13,12,13,11,11,11,13,11,13,12,13,14,13,10,11,13,14,11,12,13,14,13,12,10,12,14,12,12,13,14,13,12,12,14,12,13,12,12,12,12,13,12,12,14,12,11,10,12,10,13,14,13,12,12,11,12,12,12,12,14,13,14,12,13,12,11,11,15,13,11,12,12,12,11,12,11,11,14,13,13,13,14,13,12,15,10,13,12,13,11,11,13,9,13,13,13,13,13,12,13,12,12,13,13,12,14,13,12,12,12,13,13,12,13,11,13,12,11,12,14,11,11,13,10,15,14,13,13,13,12,11,11,11,13,12,13,13,14,15,12,12,12,12,14,13,15,13,11,14,14,11,13,14,11,13,12,11,15,12,11,12,13,12,11,15,11,13,13,11,11,12,13,11,12,11,14,13,12,12,11,11,14,13,11,12,13,12,11,12,12,14,13,10,12,8,13,13,11,15,12,11,11,13,13,12,13,10,12,11,13,12,13,12,12,12,12,12,13,13,13,12,14,12,11,13,12,13,11,11,14,14,12,13,12,10,12,12,11,13,11,12,12,12,10,12,12,14,12,13,12,12,14,12,10,10,13,13,12,12,15,13,12,12,11,12,11,13,12,12,13,12,14,12,13,12,15,13,8,15,12,12,13,11,12,14,12,12,12,12,12,13,12,14,11,12,12,9,14,14,12,12,13,12,12,13,14,11,11,15,14,11,12,11,12,12,12,10,11,11,14,14,12,12,10,13,12,12,13,14,12,12,12,10,11,13,13,15,14,12,13,12,10,14,13,13,14,13,13,13,15,10,13,12,11,13,11,12,13,12,11,10,13,13,14,12,14,12,11,11,12,14,13,13,14,12,10,12,11,11,13,12,12,13,14,13,13,12,11,14,11,14,12,12,12,11,12,13,12,14,12,11,13,13,12,13,13,13,14,11,12,13,12,12,11,10,12,11,13,12,13,12,12,13,12,12,11,13,13,12,12,12,13,12,11,11,11,12,11,12,11,11,12,10,12,12,11,13,12,13,13,12,11,11,14,10,13,13,12,13,12,10,12,13,14,12,13,13,12,11,14,13,11,14,11,13,12,13,14,13,11,11,12,13,14,13,12,13,12,12,13,12,14,13,12,10,10,15,10,12,14,10,11,13,13,12,14,11,13,12,12,12,13,12,11,12,12,11,11,12,14,13,11,12,15,10,12,13,14,13,13,12,13,13,13,11,12,14,14,12,11,12,14,10,14,13,12,13,11,13,13,13,10,12,12,14,12,10,12,11,12,13,11,11,14,12,12,12,12,12,14,14,13,11,11,13,14,15,13,14,12,13,12,10,13,12,14,14,12,12,14,15,12,13,9,9,13,12,12,10,15,12,14,11,12,12,11,10,12,11,13,11,13,11,11,12,12,12,13,13,14,13,14,14,13,11,13,12,12,15,13,12,12,13,12,14,13,12,14,12,14,12,11,11,13,13,12,12,13,11,11,14,11,13,12,13,12,13,11,13,12,14,12,12,12,13,13,14,14,13,13,13,14,11,11,12,12,14,10,12,12,10,10,13,11,13,13,13,13,12,14,12,11,13,13,13,11,13,14,13,13,13,13,12,12,14,12,14,14,11,14,13,13,13,11,13,12,12,12,12,12,12,11,13,13,14,12,12,14,12,13,13,12,12,14,12,13,14,14,13,11,12,13,14,12,13,12,13,14,12,12,13,11,12,14,13,13,13,14,12,14,13,11,11,14,11,14,11,11,12,13,13,13,13,13,12,13,15,12,11,12,11,10,13,12,13,12,14,13,12,11,12,13,14,10,12,11,14,13,12,12,11,12,14,13,14,14,12,12,13,13,12,13,12,11,13,12,14,13,11,13,12,13,11,11,11,13,12,13,13,13,12,12,11,13,14,12,14,12,14,14,12,12,10,12,13,13,15,13,13,11,12,12,13,13,12,11,12,12,14,13,12,13,14,11,13,10,12,13,11,14,14,11,12,12,14,11,12,11,11,12,13,12,13,11,11,12,12,13,13,15,12,11,14,12,13,15,13,12,13,12,12,13,14,10,13,13,11,12,11,14,13,13,11,12,14,13,11,11,15,12,13,11,12,12,13,12,12,12,13,14,13,11,12,13,13,12,13,13,13,13,12,14,12,13,14,12,12,11,12,12,12,12,13,11,14,11,13,14,12,13,12,14,12,11,13,15,11,10,12,15,
Green Bay Packers,0.9260000000000007,9,10,11,12,11,11,9,14,11,12,11,12,12,13,11,11,11,11,12,13,13,13,13,11,11,11,12,12,11,13,11,10,11,13,9,11,12,13,12,14,14,12,14,12,11,13,11,13,13,13,10,12,10,11,12,10,12,12,10,11,10,11,12,11,10,10,11,14,9,12,12,13,11,10,11,14,13,11,12,13,12,12,11,11,13,13,11,11,10,13,12,12,11,10,11,10,13,13,12,12,14,11,10,11,11,13,14,11,12,13,11,13,13,12,9,11,12,12,12,13,12,12,11,13,13,12,13,12,11,13,12,14,13,11,11,12,11,12,11,11,13,11,12,13,13,10,10,11,11,13,13,10,10,9,11,13,12,13,12,13,11,12,10,12,12,13,11,14,12,12,9,11,12,13,13,12,12,8,12,12,12,12,11,12,11,12,10,11,10,12,12,12,9,14,13,10,13,12,12,11,11,14,14,12,14,11,12,13,10,9,13,11,11,11,11,12,11,12,14,11,13,14,11,13,13,13,11,10,13,13,12,12,12,10,13,11,9,11,12,12,12,13,10,11,14,11,9,12,11,12,11,12,12,13,12,13,12,12,12,11,13,12,11,12,13,13,12,12,12,12,14,10,11,12,13,12,13,12,10,11,12,13,12,13,13,12,13,13,11,11,10,13,13,11,12,12,11,12,11,13,11,11,11,10,9,11,12,12,13,12,12,12,9,12,14,11,11,11,13,10,13,12,12,12,13,13,11,12,12,11,11,12,11,10,11,11,13,13,12,12,13,13,13,11,13,14,11,11,13,12,10,12,12,12,12,12,11,11,11,12,11,12,12,13,9,13,9,13,13,10,10,13,13,12,10,13,11,12,10,14,14,11,10,13,10,13,12,11,11,11,14,12,12,13,13,13,12,9,10,12,13,11,11,13,13,12,13,13,12,11,13,11,12,13,13,11,11,14,13,12,11,12,12,11,12,11,13,12,11,10,11,11,14,11,13,12,11,11,12,11,12,13,13,12,12,12,11,13,12,13,12,12,12,11,12,10,11,14,12,10,10,10,13,12,12,12,13,11,11,13,13,12,12,11,11,13,12,11,10,14,11,13,12,12,12,10,12,11,12,12,12,14,11,13,13,12,11,12,9,12,10,11,11,12,12,12,10,13,12,11,11,11,12,11,14,10,11,11,11,11,12,13,12,10,12,13,9,13,12,11,14,13,12,11,11,11,12,12,12,11,10,10,12,11,11,14,13,12,11,13,12,14,12,12,13,13,12,11,14,12,10,11,12,12,11,12,11,12,12,11,11,13,12,10,11,11,13,11,13,10,12,14,12,13,12,11,13,13,12,13,11,9,11,12,11,11,12,12,12,13,11,11,12,12,12,11,13,11,9,12,13,12,13,12,12,10,12,11,11,11,10,11,12,10,12,11,11,13,12,12,13,12,11,13,12,13,11,12,10,14,10,10,12,12,11,13,12,12,12,10,12,11,13,14,12,11,11,13,11,13,12,12,12,13,12,11,13,11,13,11,13,12,13,13,10,12,12,11,11,12,13,12,11,11,12,12,13,12,12,11,14,11,12,13,13,12,11,11,10,11,12,12,14,11,11,11,12,12,12,12,14,12,12,13,12,14,12,11,11,12,10,11,14,12,12,13,11,12,14,10,11,9,13,9,13,11,13,12,13,11,10,13,12,13,14,11,11,13,13,12,11,10,13,13,13,12,11,11,10,12,10,13,11,13,13,11,9,11,13,10,13,12,12,11,13,14,13,11,14,11,11,10,13,11,13,12,11,13,11,12,13,13,12,13,10,12,12,12,12,11,10,12,12,13,12,13,13,11,13,9,10,13,12,13,11,13,12,12,12,12,12,10,13,12,8,14,12,11,13,9,11,11,12,13,10,11,13,11,14,11,13,11,11,9,10,14,9,13,13,12,13,11,12,14,11,12,13,12,12,13,12,13,11,13,11,12,13,11,11,13,12,13,11,14,12,11,11,11,12,14,9,10,12,12,12,9,13,14,12,11,11,12,13,11,11,11,11,12,11,11,12,12,11,12,12,12,12,13,12,13,12,11,14,11,13,12,10,13,13,14,12,11,13,11,13,13,12,13,11,13,12,12,12,11,13,11,13,13,13,10,10,11,14,11,13,13,11,11,11,12,14,10,13,12,13,12,10,13,12,14,14,11,14,9,12,12,12,13,11,12,11,9,12,12,11,10,13,12,13,12,10,11,12,12,12,14,12,12,9,12,12,12,11,11,12,11,11,9,12,12,
San Diego Chargers,0.8300000000000006,12,12,13,11,11,12,12,11,12,11,12,9,10,12,11,12,13,12,11,11,12,10,10,11,12,10,10,12,12,13,14,10,12,11,11,14,12,12,10,12,13,13,9,12,12,10,13,11,12,10,13,13,10,11,13,10,10,14,10,11,14,9,11,13,13,11,14,10,10,13,12,13,12,10,12,11,13,10,12,11,10,10,11,14,10,9,10,10,12,11,12,13,10,11,11,11,13,11,12,13,12,10,11,13,10,13,13,10,11,12,10,13,11,13,11,13,12,10,12,11,12,10,11,13,13,10,11,11,8,13,10,11,9,9,10,12,10,13,13,13,11,11,13,9,12,10,10,12,9,12,12,12,12,11,13,12,10,11,10,10,11,12,12,12,11,10,12,13,12,12,13,13,12,13,10,11,10,13,13,13,11,12,12,12,13,10,13,12,12,12,11,10,11,12,9,11,14,11,11,10,12,10,12,12,11,11,13,11,10,13,13,12,12,13,12,12,12,10,12,11,12,12,10,10,12,10,11,12,12,13,10,11,11,9,10,11,13,12,12,10,12,12,12,10,11,13,14,13,10,11,13,12,12,13,12,11,9,10,12,13,10,11,11,10,13,14,10,10,10,13,10,12,13,13,11,11,12,12,11,11,11,12,11,10,13,13,10,12,11,12,10,11,11,12,11,10,13,11,13,12,9,11,13,12,13,12,12,11,11,11,12,12,10,9,8,11,11,13,12,10,11,11,13,10,10,10,13,9,12,12,12,13,11,11,11,10,10,13,11,10,12,11,13,12,13,14,14,10,13,12,11,13,13,12,12,12,10,12,13,10,13,11,13,13,12,12,11,9,9,13,12,10,10,11,11,9,12,12,12,13,11,10,11,10,11,12,8,12,11,13,9,12,11,12,12,12,10,12,12,10,12,9,11,9,11,11,12,9,10,11,12,14,10,10,12,12,11,11,11,10,9,8,11,12,10,11,10,12,11,11,11,9,11,11,14,11,11,12,12,11,12,10,14,11,10,8,12,12,13,11,10,10,11,12,12,11,11,12,12,12,14,10,13,12,9,11,12,12,13,10,9,11,14,13,12,11,12,11,11,12,11,11,11,12,10,12,13,12,13,12,10,11,13,10,10,11,9,11,12,11,10,13,13,9,10,12,11,10,12,12,11,11,12,13,9,9,12,10,12,13,11,11,10,12,12,10,11,12,12,9,12,12,13,11,13,13,10,14,9,11,12,12,12,11,12,10,13,12,11,11,12,10,11,10,11,12,13,12,10,12,10,12,13,10,10,10,9,13,11,10,11,13,12,13,10,11,12,12,11,13,12,10,13,11,11,12,11,12,13,13,13,12,13,13,11,11,10,11,11,11,13,10,11,10,13,12,12,12,11,8,13,12,10,10,12,11,10,13,11,11,10,11,11,12,11,12,14,11,10,11,12,12,11,9,13,12,8,9,11,11,12,12,13,13,10,12,13,12,10,10,12,10,11,12,12,12,13,11,12,11,10,9,13,12,11,10,11,12,11,11,12,13,12,11,11,10,11,12,12,12,12,13,11,13,11,12,13,13,13,11,12,13,12,12,9,10,11,13,11,12,12,11,12,14,10,13,12,12,11,10,11,8,11,11,11,12,12,13,10,13,10,11,11,12,14,10,10,11,12,9,10,10,12,10,14,13,10,11,12,9,12,12,14,11,12,9,12,11,13,9,10,12,13,11,11,12,11,12,11,13,12,11,13,12,11,13,13,9,11,13,13,10,13,12,12,13,10,11,10,12,12,11,12,11,12,12,13,12,9,11,11,11,14,11,10,11,12,14,9,13,10,13,10,13,12,12,12,12,12,11,11,12,10,13,11,13,12,12,12,10,12,12,12,11,13,10,11,13,13,12,12,11,12,12,12,11,10,12,10,9,11,12,12,10,9,11,12,13,11,11,13,10,12,14,9,10,12,12,11,11,11,11,10,14,12,11,12,10,10,8,13,9,13,12,11,11,13,10,13,12,9,9,13,10,11,11,10,8,11,12,11,9,12,12,11,11,11,12,10,11,11,12,9,13,13,10,12,9,14,12,13,12,10,14,11,10,11,10,11,12,11,13,14,12,13,10,12,12,12,12,13,12,11,12,13,8,12,10,13,11,11,12,9,11,11,11,11,11,10,11,10,12,10,10,12,11,10,10,11,13,13,11,12,13,11,11,11,11,8,8,13,12,13,13,11,13,13,12,14,12,10,10,11,13,12,12,11,11,12,13,12,12,12,11,11,11,11,11,12,11,
Pittsburgh Steelers,0.05400000000000004,8,7,5,9,10,10,6,6,7,6,6,8,8,8,12,10,8,7,9,8,7,11,7,8,8,8,8,7,8,7,8,9,8,8,8,7,10,6,9,4,9,8,6,7,9,8,8,8,7,5,7,5,6,6,6,8,8,8,8,8,8,6,9,9,7,8,7,6,9,8,8,6,8,5,7,8,10,7,6,8,6,7,8,9,9,6,9,7,8,7,11,8,7,7,9,8,7,9,7,7,6,9,8,7,9,8,8,6,8,7,7,9,11,8,7,10,8,7,6,5,10,8,8,8,10,7,6,6,8,7,7,9,8,7,7,7,9,8,6,7,7,6,7,9,8,9,8,9,9,8,11,8,6,7,8,8,8,7,9,7,10,8,9,7,6,10,7,8,9,10,9,9,8,7,7,7,8,6,7,8,6,7,8,9,8,6,9,8,6,8,9,6,7,10,9,8,8,7,8,7,6,9,6,10,9,8,6,9,10,10,8,8,7,6,5,9,8,9,9,6,6,7,9,8,10,10,7,9,9,9,7,7,8,6,6,10,8,8,8,9,8,6,10,9,8,7,9,10,5,8,9,9,6,8,5,7,8,8,7,9,9,9,8,7,9,6,8,9,8,9,7,9,10,7,6,10,7,8,7,6,9,9,8,7,9,6,8,10,11,7,8,9,7,8,9,8,8,8,9,7,7,8,7,7,8,7,8,6,4,6,11,6,8,9,8,6,7,6,9,7,5,9,10,7,7,8,8,12,7,10,6,7,6,8,9,8,6,7,8,6,8,8,6,5,8,8,9,7,8,6,7,8,10,7,6,8,7,9,10,8,9,6,8,7,5,9,9,10,8,10,6,7,7,7,8,10,10,10,9,8,10,8,7,8,9,6,9,7,8,7,7,8,5,8,10,8,9,10,7,5,6,9,7,6,8,6,7,10,7,8,8,7,11,7,7,9,8,6,6,8,9,7,8,6,6,8,6,11,10,7,9,8,8,7,7,9,8,7,10,9,9,8,8,7,8,7,9,7,8,6,9,9,7,5,7,7,10,8,6,8,8,6,9,9,7,9,7,7,9,7,9,9,8,6,8,6,9,9,10,9,8,9,8,7,8,6,9,10,11,8,9,8,8,6,10,7,8,8,7,7,7,7,9,7,7,8,7,8,9,7,10,9,8,9,7,10,8,6,6,9,9,7,8,9,9,8,5,6,7,6,9,8,6,8,7,7,8,8,7,8,10,8,8,8,6,8,8,8,8,11,8,7,8,7,10,8,8,5,7,8,9,9,8,7,9,10,7,6,7,8,8,6,7,10,7,9,9,7,9,6,8,7,10,8,8,9,8,6,8,8,9,7,9,7,9,7,7,7,8,11,8,10,7,9,6,8,8,7,9,9,9,8,6,6,7,8,7,10,9,9,7,6,9,8,7,8,8,8,7,8,9,9,8,7,7,8,7,7,7,7,10,7,8,6,7,7,6,9,7,8,9,8,7,5,8,7,7,8,8,8,5,7,6,6,6,10,7,9,4,7,7,10,6,10,8,7,6,11,7,8,7,8,8,7,8,5,10,7,10,9,7,10,6,11,7,6,8,7,8,7,6,7,9,9,9,7,7,7,7,7,8,8,8,7,9,5,9,7,9,6,6,6,9,6,8,6,7,6,7,7,8,7,7,8,10,6,8,9,6,8,5,6,10,9,7,10,8,8,8,9,7,7,6,8,7,9,8,7,8,9,8,7,7,9,7,7,9,8,8,6,8,7,6,10,6,9,6,7,7,7,8,9,10,10,6,8,9,8,9,9,9,9,7,7,7,8,8,8,8,9,9,8,7,7,8,8,9,7,8,9,9,7,8,8,7,6,10,6,8,6,9,5,6,6,6,11,6,6,8,8,8,7,10,8,6,6,8,8,9,7,7,9,7,6,8,10,8,9,8,9,10,8,11,9,7,9,10,6,8,8,7,8,9,7,9,10,7,6,7,8,8,7,11,9,8,6,9,10,7,7,8,9,10,6,10,8,6,7,7,9,7,10,8,8,8,11,9,9,9,7,7,6,6,8,6,8,8,8,7,9,7,9,10,7,8,6,8,8,8,9,7,6,8,7,9,10,8,8,6,7,6,9,7,5,6,9,8,9,7,7,9,8,7,9,6,6,9,8,8,5,10,9,8,6,7,8,9,8,7,6,6,12,7,8,10,10,7,9,6,8,8,9,7,5,10,6,7,7,8,9,7,9,9,11,7,6,8,7,9,8,9,9,10,9,6,8,9,7,9,8,
Kansas City Chiefs,0.3090000000000002,11,8,10,10,9,10,9,9,11,9,10,11,10,12,9,8,5,11,8,9,10,9,9,10,11,7,8,9,9,9,9,9,9,8,9,9,9,12,8,9,11,12,8,9,7,11,9,10,12,10,10,9,10,10,11,11,8,11,11,12,10,7,8,10,8,11,12,10,8,9,11,10,9,9,11,10,8,10,8,8,8,11,8,9,7,9,8,10,10,11,9,7,10,10,9,8,10,10,9,9,10,10,10,10,10,9,8,7,9,11,11,9,6,11,10,10,11,8,9,11,9,7,9,10,9,12,10,10,9,10,11,10,10,9,10,9,9,9,10,8,8,8,9,8,9,9,10,8,9,11,11,10,10,9,9,9,8,11,8,10,9,10,9,8,12,10,8,7,9,9,8,10,8,11,12,11,10,9,10,11,9,9,9,9,9,12,11,10,10,12,11,10,11,11,9,11,10,8,11,10,10,8,10,11,8,10,10,10,11,8,10,11,10,9,10,8,10,10,8,8,9,11,8,9,9,8,9,10,11,7,9,8,9,7,7,10,8,11,9,8,9,6,7,9,7,10,8,10,11,11,10,10,6,8,8,8,9,10,9,10,10,9,8,7,11,9,8,11,10,9,9,11,7,9,11,10,9,8,9,11,7,10,10,8,10,8,8,9,10,8,7,9,10,8,9,9,8,9,9,9,13,9,8,9,11,8,9,9,10,8,8,8,9,10,9,10,9,9,10,7,8,11,9,10,9,11,8,8,11,13,9,8,10,10,10,10,8,8,9,9,10,10,8,9,10,10,10,10,11,7,9,10,8,9,11,11,11,10,8,8,10,7,9,7,9,8,10,8,8,10,7,8,10,11,11,9,9,10,9,9,10,8,7,8,9,9,11,11,8,9,11,10,10,11,6,8,9,8,8,10,9,7,9,9,9,9,9,10,9,6,8,9,9,9,7,8,9,12,8,11,10,9,9,10,12,7,10,10,7,9,8,8,10,9,10,9,12,9,11,9,11,9,10,9,9,7,8,9,11,9,8,12,9,8,10,9,9,7,9,10,8,10,7,8,9,7,9,9,9,10,11,9,9,10,9,10,11,13,11,9,8,9,12,9,9,12,8,9,8,10,9,9,11,9,11,9,10,8,11,7,11,9,9,8,10,10,11,9,12,10,9,10,9,10,9,11,10,11,9,9,11,8,9,12,8,8,9,11,8,10,10,11,7,8,11,12,10,9,10,9,9,9,8,8,8,10,10,10,10,9,9,10,8,10,9,8,8,11,10,10,10,8,9,10,9,10,11,10,9,10,11,11,10,8,9,11,9,10,11,10,11,9,7,11,8,8,7,9,10,10,11,8,8,10,10,11,8,10,8,8,10,10,10,11,9,11,11,11,10,10,7,11,9,11,9,11,10,8,10,6,8,8,9,8,9,8,8,9,8,10,12,10,7,9,10,11,10,7,11,9,10,8,11,11,10,11,11,8,9,10,9,8,8,8,10,8,9,8,9,9,9,8,8,7,10,8,10,12,8,9,10,9,9,10,11,9,8,8,11,11,10,8,10,8,9,7,10,11,11,7,11,10,10,10,7,10,9,8,9,7,9,7,9,10,11,8,9,9,9,12,10,10,9,7,9,8,10,10,10,9,12,8,12,10,9,12,9,10,8,11,9,11,9,10,10,6,11,10,10,11,10,10,7,11,10,9,9,9,10,9,10,9,10,9,10,9,9,9,10,7,11,7,8,10,13,8,10,8,10,7,10,8,10,10,10,5,7,11,8,10,10,10,9,12,9,8,12,10,9,9,9,10,11,12,8,11,9,9,11,8,11,9,10,11,10,7,10,9,8,8,10,10,10,9,9,9,8,9,9,9,11,8,8,9,8,12,9,7,11,8,9,9,9,11,8,6,10,10,8,9,12,11,10,10,10,9,9,9,8,8,10,11,12,8,8,11,8,10,10,10,9,9,8,10,11,7,8,11,12,9,8,12,9,10,10,9,10,9,9,10,11,11,11,10,8,9,10,9,9,10,9,7,9,9,9,10,8,10,8,10,12,8,8,10,8,10,9,9,11,9,10,11,8,9,10,6,10,8,11,12,9,9,9,10,11,9,7,8,10,9,6,9,8,11,10,9,8,10,8,9,10,11,7,9,10,9,8,8,9,12,8,9,9,12,12,7,9,8,10,9,10,11,10,9,8,8,9,9,9,10,9,8,7,8,11,9,9,12,10,11,9,10,11,10,9,11,9,9,9,10,10,10,9,12,10,12,8,8,10,8,
Jacksonville Jaguars,0,1,2,1,2,1,1,3,3,3,1,2,1,2,2,2,4,3,4,2,2,3,2,2,1,2,3,2,1,2,3,1,3,4,1,1,2,1,3,2,1,3,1,2,3,3,2,2,3,2,4,2,1,1,1,2,3,2,1,1,1,1,1,3,1,1,3,2,3,2,1,3,2,1,1,2,1,1,1,1,2,2,2,1,1,3,2,2,2,2,2,1,2,1,2,2,2,2,4,1,3,2,2,3,1,1,2,1,2,1,1,2,1,3,2,2,1,1,2,2,3,2,3,1,1,2,2,5,1,3,1,2,1,1,1,1,1,1,3,1,2,3,3,2,1,2,2,2,2,2,3,1,3,2,1,2,2,1,2,2,1,4,2,2,1,3,2,2,3,2,1,1,1,2,2,2,2,1,3,3,3,4,2,3,1,1,1,2,3,4,1,1,3,4,1,1,2,2,3,3,2,2,1,1,2,2,1,3,1,2,2,1,2,1,3,1,2,3,3,1,1,2,2,2,1,1,2,2,1,1,2,2,1,2,1,3,3,1,2,2,1,2,2,3,1,2,1,2,2,1,1,1,3,1,2,2,2,2,3,2,2,2,1,3,1,1,2,1,1,1,2,2,1,1,2,2,2,1,3,2,3,1,1,1,1,2,1,2,3,2,2,1,1,2,2,3,1,1,4,3,2,3,1,2,2,2,2,2,4,2,4,2,2,2,2,1,3,3,3,2,2,1,2,1,1,2,2,3,3,4,2,3,2,2,1,4,1,2,1,1,3,2,2,1,1,2,2,3,1,1,1,2,2,1,1,1,1,2,2,2,2,2,1,1,3,1,1,2,4,2,2,1,3,1,2,2,1,1,1,2,1,1,2,2,3,2,2,1,4,1,3,2,2,3,3,1,3,2,2,2,2,2,1,3,2,2,1,3,3,2,1,1,2,4,2,1,1,1,1,1,2,1,2,2,2,1,1,2,1,2,3,3,2,1,3,3,1,1,2,2,1,1,1,1,2,2,3,2,2,1,3,1,2,1,3,3,1,1,1,3,2,3,1,1,2,2,2,3,3,2,2,1,2,2,1,2,2,1,2,2,3,2,1,4,1,4,1,2,2,1,2,1,2,1,2,2,3,1,2,2,2,3,4,2,1,2,1,1,2,1,2,2,3,1,1,1,5,3,1,3,2,2,4,2,2,1,1,3,1,1,1,1,2,1,2,2,1,1,1,1,2,1,3,1,1,1,2,1,1,3,2,2,2,1,2,2,2,3,1,3,2,1,1,1,1,1,1,3,2,2,1,2,2,2,4,1,1,2,1,1,3,2,1,1,1,2,3,1,1,2,2,2,2,3,2,2,1,2,1,2,3,2,3,1,1,1,2,2,1,1,1,2,2,1,1,4,3,3,1,2,2,1,2,1,1,2,1,3,1,1,3,2,1,2,2,1,2,1,5,1,2,3,4,2,2,2,2,2,3,1,2,1,2,3,2,2,2,1,3,2,3,2,3,1,4,2,1,1,1,2,1,1,2,3,1,1,2,1,4,4,1,1,3,3,1,2,2,2,1,2,2,2,2,3,2,1,2,2,1,2,3,1,2,1,2,1,2,2,2,1,2,2,3,2,1,1,3,1,1,3,4,2,2,2,1,1,1,1,1,1,2,4,1,3,2,1,2,2,1,1,1,1,2,1,1,1,1,1,1,2,4,2,2,1,3,2,2,2,1,3,2,2,1,1,1,3,1,4,1,2,2,4,1,1,1,2,2,2,1,2,4,2,1,4,1,2,2,2,2,2,1,3,1,2,3,1,2,3,1,2,3,2,1,1,2,2,3,3,1,2,1,2,2,3,2,3,4,3,2,1,2,1,1,4,2,2,3,1,2,3,1,2,1,1,1,1,2,2,3,1,1,1,1,1,2,2,1,2,1,2,2,4,1,1,1,2,2,3,4,1,3,1,2,1,3,1,2,2,1,2,2,1,1,4,1,2,2,1,1,3,1,1,2,4,1,4,2,3,1,3,2,2,1,1,1,2,1,2,1,1,1,2,2,3,3,1,2,1,1,4,3,3,1,1,1,2,1,2,2,1,1,2,1,1,1,2,2,2,3,2,1,3,1,1,2,3,1,3,5,3,2,2,1,2,1,1,2,2,3,2,2,1,1,1,1,1,1,1,3,2,2,3,1,3,2,2,1,3,2,1,3,3,1,1,2,2,2,2,2,1,2,1,2,2,3,3,1,2,2,2,2,3,1,3,1,3,1,2,2,1,2,
New York Jets,0,4,3,3,2,3,2,4,2,1,5,4,2,3,2,4,4,3,3,5,1,3,2,2,4,5,4,2,1,3,2,1,2,4,3,3,2,5,5,2,3,3,5,6,2,4,1,2,2,3,4,3,2,5,2,2,3,3,2,4,3,3,3,3,5,1,1,4,3,3,3,3,2,3,3,2,2,1,4,3,1,3,1,2,2,3,3,2,3,6,2,3,3,1,2,1,2,3,2,3,5,2,4,4,3,2,6,4,1,3,5,5,3,2,4,2,3,2,3,4,2,2,1,4,2,3,2,5,4,4,4,3,3,3,2,1,2,2,2,2,4,1,3,3,3,3,1,4,2,2,1,1,2,2,1,3,2,3,3,2,2,4,1,3,3,2,2,2,4,1,4,3,2,4,3,2,3,4,3,1,2,2,1,5,2,3,3,2,3,5,3,3,2,3,4,2,4,3,3,3,2,2,2,4,3,2,2,5,3,3,1,4,2,3,1,2,3,3,3,2,3,4,4,2,3,1,2,4,4,3,2,2,2,2,2,3,3,3,3,2,4,3,2,2,2,3,3,2,5,4,2,2,2,3,4,3,1,3,2,1,1,2,3,2,3,4,2,3,1,1,2,4,3,2,3,4,3,3,3,3,3,2,3,2,4,2,1,2,2,1,3,1,1,5,3,3,2,5,1,4,3,2,3,1,3,1,3,5,2,4,2,3,4,1,4,3,3,3,3,2,3,3,3,2,3,4,4,4,2,2,3,1,3,2,2,2,2,6,3,3,1,3,1,4,2,2,3,3,1,2,4,2,3,2,3,4,4,2,3,4,2,2,3,3,4,2,3,3,3,2,2,2,2,3,3,1,2,3,2,1,2,1,3,4,2,4,4,3,3,1,4,2,4,2,2,3,2,2,2,2,3,3,3,3,4,4,2,3,3,5,2,3,1,4,3,3,1,4,3,3,2,2,2,3,3,2,4,2,4,5,2,1,2,4,3,2,2,3,2,1,3,3,3,4,2,4,4,4,3,2,3,4,3,3,2,4,3,2,2,4,2,4,2,3,6,2,2,5,2,3,1,4,2,4,1,5,3,1,2,2,2,1,4,2,2,4,2,2,3,3,2,2,2,1,2,2,5,2,3,1,3,1,1,7,1,1,3,3,4,3,4,1,4,4,2,3,4,4,2,2,2,3,2,4,1,1,3,2,2,1,1,3,4,3,4,2,3,1,3,1,2,4,4,4,3,3,3,3,2,3,2,2,4,1,4,2,2,5,4,3,3,2,3,3,2,2,3,3,2,2,4,2,3,4,2,2,2,6,2,2,2,2,2,5,4,2,3,2,3,4,2,3,3,3,3,3,5,2,2,2,4,3,4,5,3,3,4,2,2,2,3,2,2,3,3,2,3,2,3,2,4,2,4,2,4,3,5,4,3,2,4,1,4,4,3,4,1,1,3,1,3,3,1,2,4,3,3,2,3,2,3,2,1,1,2,6,1,5,4,4,3,3,2,2,2,2,3,3,1,2,1,3,4,4,4,3,2,4,2,2,3,3,4,4,3,1,3,2,1,2,1,2,1,2,1,4,2,3,3,3,1,3,2,3,3,3,4,2,5,1,2,2,2,3,3,2,4,3,3,3,2,3,3,2,1,5,3,1,1,3,2,2,3,2,2,3,3,3,3,2,5,2,3,1,2,2,3,3,3,2,4,4,2,4,4,3,3,4,2,2,3,3,2,2,2,3,3,2,2,3,1,3,1,4,2,3,2,1,2,2,2,2,4,1,3,2,3,4,2,2,4,4,5,2,1,2,2,3,2,3,2,3,3,3,3,1,3,3,3,1,2,2,3,3,3,3,2,1,3,2,3,3,2,2,4,3,4,4,4,5,5,2,3,4,4,4,3,1,3,2,4,3,3,2,2,3,5,2,3,3,2,1,4,4,1,1,1,2,2,3,4,3,5,1,5,4,3,3,3,2,3,5,3,3,3,4,4,4,2,2,5,3,6,2,3,3,3,3,2,2,2,1,3,2,4,1,1,3,3,3,3,1,3,2,2,2,1,4,4,2,3,2,2,1,2,5,1,4,2,2,3,3,4,4,5,3,3,3,1,2,2,2,4,1,4,2,2,1,3,3,2,4,3,3,4,4,3,2,4,2,4,2,2,2,1,3,2,3,2,2,2,1,1,2,2,2,3,2,4,2,4,3,2,4,2,3,3,3,3,3,1,5,4,3,3,2,3,3,2,2,4,3,2,2,3,3,2,3,5,1,1,
